url,report_id,ecograder_score,co2_emissions,scrape_date,source,status,failed
https://www.zorginstituutnederland.nl,YaArykzCOaWEOdMFDDtbzs7v,54,0.776813,2026-06-09T10:47:20.248431+00:00,requests-fast,success,False
https://www.bundesverband-green-software.de,LgV6JqCX5y5VXd2xLuMQvKn0,98,0.040092,2026-06-09T10:47:20.246065+00:00,requests-fast,success,False
https://www.lvm.de,EnLynbvZHsmzBQK5YqF6FXbT,67,0.374480,2026-06-09T10:47:20.248335+00:00,requests-fast,success,False
https://nextcloud.com,ATC89pw22m4mvPQzC6FBD6II,43,13.140741,2026-06-09T10:47:20.248092+00:00,requests-fast,success,False
https://www.rohde-schwarz.com/de,QPzb1PzIUrZfyocTEPJfqHdB,49,0.810278,2026-06-09T10:47:29.030344+00:00,requests-fast,success,False
https://www.mittwald.de,bOxfTtwVYNUEhOELDk8xmhew,53,2.448110,2026-06-09T10:47:29.441391+00:00,requests-fast,success,False
https://www.qaware.de,xhyiNiptCiElGJYDICqu8hhO,50,0.964167,2026-06-09T10:47:30.196794+00:00,requests-fast,success,False
https://accso.de,5ez532rCKa4uZjExHXrldtIf,39,3.011613,2026-06-09T10:47:29.370280+00:00,requests-fast,success,False
https://www.pons.com,hTrTbi894sDk3mbg6Z4VtKBI,71,0.675646,2026-06-09T10:47:37.267794+00:00,requests-fast,success,False
https://www.dena.de,wsZAJvCnIQuEsu9fcLrblG9R,62,0.551296,2026-06-09T10:47:38.287137+00:00,requests-fast,success,False
https://ritadeaninabbeymuseum.org,95n0WHxWFVceqPgOTP3JlTeH,65,0.988586,2026-06-09T10:47:42.839329+00:00,requests-fast,success,False
https://www.berlin.de,,nan,nan,2026-06-09T10:47:45.220139+00:00,failed,error,True
https://landonorris.com,2MR0FqjToSrxQVQXm56XhLY0,60,1.961681,2026-06-09T10:47:44.975783+00:00,requests-fast,success,False
https://bitmi.de,zXry7RkxttuBTB9q3QgeE3FJ,17,13.371727,2026-06-09T10:47:48.230508+00:00,requests-fast,success,False
https://leparticulier.lefigaro.fr,YfgCu4byDv5SVZxPOsnW4CuD,50,0.954423,2026-06-09T10:47:48.962120+00:00,requests-fast,success,False
https://motherfuckingwebsite.com,vbkC9H9xrMuAW2hOGj204m7r,77,0.068520,2026-06-09T10:47:50.342533+00:00,requests-fast,success,False
https://yorizon.com/en,JRQOdcJ1X3ttrDJTwmVKXfpk,31,5.679477,2026-06-09T10:47:54.617515+00:00,requests-fast,success,False
https://www.neuland-bfi.de/de,YWv2Kkoki9KQZ6RNPD1vS55D,84,0.316274,2026-06-09T10:47:55.018296+00:00,requests-fast,success,False
https://theconversation.com/ecoindex-que-vaut-cet-outil-qui-mesure-le-score-environnemental-des-sites-web-203836,DkpmeCe4SSTAHihtzr3lWHOx,50,0.803639,2026-06-09T10:47:56.177090+00:00,requests-fast,success,False
https://www.zdf.de,Ei6erS3sSDvMHe8cygHVUk5h,39,3.361371,2026-06-09T10:48:00.675552+00:00,requests-fast,success,False
https://www.greenpeace.de,aBoBbwzkGyX314OtrvftrjeA,40,1.644990,2026-06-09T10:48:01.519813+00:00,requests-fast,success,False
https://www.king.com,rkzmgt9C9Kn6EGRQy1sJ7kA6,75,0.489217,2026-06-09T10:48:02.351413+00:00,requests-fast,success,False
https://www.ecoindex.fr,,nan,nan,2026-06-09T10:48:11.146722+00:00,exception,error,True
https://opencloud.eu,2P4ooPBw498U6SqmJguccDjU,75,0.257352,2026-06-09T10:48:07.845989+00:00,requests-fast,success,False
https://website-tester.green-coding.io,SQBzAHZXCYseXLicbtHl8U1M,79,0.112402,2026-06-09T10:48:08.402411+00:00,requests-fast,success,False
https://github.com/GreenScoreWebPlugin/GreenScorePlugin,7Ge5sxrGtgNjdO4kVbbzoSbk,47,0.733100,2026-06-09T10:48:13.147645+00:00,requests-fast,success,False
https://www.deezer.com/fr,JxmK4bWQVgZIGe4PAHJYgBCl,73,0.165280,2026-06-09T10:48:14.636900+00:00,requests-fast,success,False
https://metm-corporate.alwaysdata.net/index.php?action=login,BAsKM4a5FGZsICFK876p5Sbc,80,0.679188,2026-06-09T10:48:14.434986+00:00,requests-fast,success,False
https://github.com/csswizardry/Obs.js,25byKocf6r54wBcvLkHldTd9,47,0.739420,2026-06-09T10:48:19.454646+00:00,requests-fast,success,False
https://github.com/christophe-cerin/Ecoindex-Revisited/blob/main/test_ecoindex.py,EmEWyMpMroDiYIhrC1Gy16nv,51,0.692847,2026-06-09T10:48:21.398845+00:00,requests-fast,success,False
https://www.psg.fr/en,Vfj0SsuiYkPcXHBeXl9nmwLM,51,2.665974,2026-06-09T10:48:25.456101+00:00,requests-fast,success,False
https://design.scotentblog.co.uk,54jz6PTkToNCJsNgfOgcKtXu,98,0.082274,2026-06-09T10:48:21.048779+00:00,requests-fast,success,False
https://resilio-solutions.com/en,Oun6bvvPEcsEFhHF7xNz1D3Y,88,0.360703,2026-06-09T10:48:27.468852+00:00,requests-fast,success,False
https://demain.design,OeMCadhm7003WJmj5KhF5Sld,98,0.063753,2026-06-09T10:48:31.333294+00:00,requests-fast,success,False
https://envite.de,,nan,nan,2026-06-09T10:48:37.253830+00:00,exception,error,True
https://metiers-santesocial.fr,Cy04snzSz9OBSEe9F7loUZ9H,84,0.360049,2026-06-09T10:48:32.558127+00:00,requests-fast,success,False
https://www.metafinanz.de,tMBWBg0uXiVXyx8U0khSxzPh,56,0.592118,2026-06-09T10:48:33.857176+00:00,requests-fast,success,False
https://nishalk.netlify.app,deF3sm4LDnEu42udFLEH9SZU,83,0.002178,2026-06-09T10:48:38.806303+00:00,requests-fast,success,False
https://nsg.ee.ethz.ch,Kiq6MeuTTgIY24Omm3f2eSCh,29,3.752311,2026-06-09T10:48:39.265771+00:00,requests-fast,success,False
https://raydraft.de,0Xc45VOplRYlOtK1qby6vU2R,82,0.253985,2026-06-09T10:48:39.254664+00:00,requests-fast,success,False
https://pairdrop.net,o479eN8BkaMQn7o41rxe0ycq,89,0.204251,2026-06-09T10:48:40.750314+00:00,requests-fast,success,False
https://thethreads.ch,Mw1esj4LSoje0jhrYKr7oNze,33,1.396942,2026-06-09T10:48:46.081286+00:00,requests-fast,success,False
https://www.zuehlke.com/en,PEtxPt0ng3HyiZ8Zm7vPWZd8,34,3.144912,2026-06-09T10:48:47.118385+00:00,requests-fast,success,False
https://sajga.cz/cs,j3W6wxLFkn5HuxDGQTBRo4px,79,0.148191,2026-06-09T10:48:46.846676+00:00,requests-fast,success,False
https://www.capemploi.info,q4E94LqzA0ajgQYKlQ5ZA4Dr,51,2.477351,2026-06-09T10:48:47.817992+00:00,requests-fast,success,False
https://wonderingchimp.com,Sech4gPEIAymYJHDSxb5vwK4,99,0.020220,2026-06-09T10:48:51.710112+00:00,requests-fast,success,False
https://Jazz.net,TGUH85lt7eJ4pKothUMdz2FY,36,1.856517,2026-06-09T10:48:53.659198+00:00,requests-fast,success,False
https://ovoenergy.com,mWO5ecssTFw7tw1vj4jytosw,74,0.599287,2026-06-09T10:48:53.556291+00:00,requests-fast,success,False
https://vert.eco/articles/maif-axa-goodvest-comment-choisir-une-assurance-vie-qui-ne-finance-pas-les-geants-du-petrole,B1z6FInufCsMUaAusyaQLxF5,88,0.380967,2026-06-09T10:48:55.621347+00:00,requests-fast,success,False
https://www.mbamutuelle.com,,nan,nan,2026-06-09T10:49:00.106114+00:00,failed,error,True
https://stgilles.brussels,xmcR9kptGORyt6Fosyyss2SO,30,4.225224,2026-06-09T10:48:57.726108+00:00,requests-fast,success,False
https://www.green-coding.io/#0.8971218431757059,POuoBh5P5vGXeQXX5hV6cO0f,72,0.246623,2026-06-09T10:48:59.509057+00:00,requests-fast,success,False
https://www.mcen.fr,Be0lEV9tIAa2AEpcM09m7wjT,90,0.167273,2026-06-09T10:49:03.996324+00:00,requests-fast,success,False
https://www.taraud-m.fr,2AvcgCxLlnRMfN6darZ8sWGl,100,0.016904,2026-06-09T10:49:03.993454+00:00,requests-fast,success,False
https://www.green-coding.io/#0.9688091739569936,POuoBh5P5vGXeQXX5hV6cO0f,72,0.246623,2026-06-09T10:49:05.176848+00:00,requests-fast,success,False
https://www.green-coding.io/#0.7597646853061548,POuoBh5P5vGXeQXX5hV6cO0f,72,0.246623,2026-06-09T10:49:05.841011+00:00,requests-fast,success,False
https://www.artwai.com,,nan,nan,2026-06-09T10:49:12.084378+00:00,failed,error,True
https://kreativ-anders.de,ZizhXls2Hybr6mbqPbwezPmW,99,0.038392,2026-06-09T10:49:11.677008+00:00,requests-fast,success,False
https://www.green-coding.io/#0.669924435261542,POuoBh5P5vGXeQXX5hV6cO0f,72,0.246623,2026-06-09T10:49:12.573122+00:00,requests-fast,success,False
https://branch.climateaction.tech,DQxHhNUZcVQxMXO6Wa14YpUK,96,0.097955,2026-06-09T10:49:13.314357+00:00,requests-fast,success,False
https://www.loreal.com,,nan,nan,2026-06-09T10:49:17.817215+00:00,failed,error,True
https://lizmale.co.uk,B1TTTuTaWWC8W1p8vN72oe9F,95,0.159956,2026-06-09T10:49:15.541725+00:00,requests-fast,success,False
https://www.green-coding.io/#0.7268492510950099,POuoBh5P5vGXeQXX5hV6cO0f,72,0.246623,2026-06-09T10:49:18.336098+00:00,requests-fast,success,False
https://www.laudevsat.fr,qWMafFkjyoJa36pbOWbquIVh,81,0.043913,2026-06-09T10:49:19.671733+00:00,requests-fast,success,False
https://simbios.fr,Y29JMA6RQ5fAOotHOrfEEWWH,100,0.011079,2026-06-09T10:49:20.995144+00:00,requests-fast,success,False
https://www.merisia.ca,m5gToXOzQZAzpId5bL91vVTW,97,0.087216,2026-06-09T10:49:22.021875+00:00,requests-fast,success,False
https://www.green-coding.io/#0.5155274828161064,POuoBh5P5vGXeQXX5hV6cO0f,72,0.246623,2026-06-09T10:49:25.696003+00:00,requests-fast,success,False
https://www.green-coding.io/#0.9183199771297195,POuoBh5P5vGXeQXX5hV6cO0f,72,0.246623,2026-06-09T10:49:27.072738+00:00,requests-fast,success,False
https://www.green-coding.io/#0.7152288179561551,POuoBh5P5vGXeQXX5hV6cO0f,72,0.246623,2026-06-09T10:49:27.859049+00:00,requests-fast,success,False
https://www.green-coding.io/#0.41954999218697997,POuoBh5P5vGXeQXX5hV6cO0f,72,0.246623,2026-06-09T10:49:31.218775+00:00,requests-fast,success,False
https://www.bnf.fr/fr,6m2MivjOLQcH6eDONDIjG0qj,58,0.796776,2026-06-09T10:49:23.710083+00:00,requests-fast,success,False
https://www.green-coding.io/#0.4222613709811187,POuoBh5P5vGXeQXX5hV6cO0f,72,0.246623,2026-06-09T10:49:33.631414+00:00,requests-fast,success,False
https://www.agglo-larochelle.fr,Eh8kweMWY7Ra8P1O7b0BIZ00,47,0.925349,2026-06-09T10:49:33.058910+00:00,requests-fast,success,False
https://www.hsbc.fr/fr-fr,,nan,nan,2026-06-09T10:49:39.663880+00:00,queued,queued,True
https://www.defemagency.com,feDLVaR3Sr3HrF4kdPCtEljO,62,1.144763,2026-06-09T10:49:37.381483+00:00,requests-fast,success,False
https://www.macsf.fr,zBAwRmMNNCrfXbvrbCxbZewG,40,1.375269,2026-06-09T10:49:37.788089+00:00,requests-fast,success,False
https://www.axa.fr,cC2YZ7MBUgP2HuEL6ZH6J7Kb,61,0.649085,2026-06-09T10:49:39.984844+00:00,requests-fast,success,False
https://espace-client.allianz.fr,,nan,nan,2026-06-09T10:49:44.446297+00:00,failed,error,True
https://www.ag2rlamondiale.fr,xTS1eXGIqcY6q8SxLuw97p4f,39,1.511154,2026-06-09T10:49:43.210261+00:00,requests-fast,success,False
https://www.gan.fr,hjCPFgwRy6kHLNhgHtOPnJNQ,34,2.347917,2026-06-09T10:49:44.962064+00:00,requests-fast,success,False
https://www.generali.fr,YX0nv4uL1GQB2NwNCRqFmiOb,36,5.842697,2026-06-09T10:49:46.082878+00:00,requests-fast,success,False
https://www.assurances.societegenerale.com/fr/particulier,,nan,nan,2026-06-09T10:49:51.099832+00:00,failed,error,True
https://www.cnp.fr/particuliers,uwCdpLzIenrPgMmscdDYtzV2,42,1.443072,2026-06-09T10:49:49.255550+00:00,requests-fast,success,False
https://www.ca-assurances.com,TChhr6d6uVoVTd4p7VAVAxtt,38,1.645064,2026-06-09T10:49:48.308843+00:00,requests-fast,success,False
https://www.bnpparibascardif.com,YwpsLJSaZRlalxEjBGgXoS4h,60,0.713428,2026-06-09T10:49:52.601254+00:00,requests-fast,success,False
https://www.green-coding.io/#0.5184023229549481,POuoBh5P5vGXeQXX5hV6cO0f,72,0.246623,2026-06-09T10:49:54.370789+00:00,requests-fast,success,False
https://jamulus.io,e2RLCLnC9FSz30hYyGWv2vVF,81,0.042118,2026-06-09T10:49:55.395717+00:00,requests-fast,success,False
https://dzgnd.studio,9QNACqCeqZhnvluLbq5Qu0e2,75,0.134026,2026-06-09T10:49:55.398432+00:00,requests-fast,success,False
https://www.smabtp.fr/sma/assurance,P8N2mudzHxPH2xw6T5mjmyyl,39,1.433469,2026-06-09T10:49:57.975545+00:00,requests-fast,success,False
https://green-got.com,Phoo0S9txykUdB7OKySoZ6kX,84,0.304253,2026-06-09T10:50:00.187013+00:00,requests-fast,success,False
https://www.suravenir.fr,EBa71y0aoLei4IoIGoapyrLg,44,1.777009,2026-06-09T10:50:01.855430+00:00,requests-fast,success,False
https://www.matmut.fr,9aK0lc1zucD18p8faNXNQMWU,49,0.773886,2026-06-09T10:50:01.581147+00:00,requests-fast,success,False
https://www.smabtp.fr/sma/assurance/besoins/assurance-vie,zGcDZfkJOiIGyso0l15SyHCt,54,0.733416,2026-06-09T10:50:03.957405+00:00,requests-fast,success,False
https://www.maif.fr,SdAonKEKNURyHiHMjRWBXpfW,68,0.326346,2026-06-09T10:50:05.844012+00:00,requests-fast,success,False
https://www.goodvest.fr,N7lKGmS6OFHmnTchTZQCY6Ne,63,0.845653,2026-06-09T10:50:08.441888+00:00,requests-fast,success,False
https://www.assurances.groupebpce.com,FVRVeNmiqvQQB1ukOzpB18Mw,35,1.147694,2026-06-09T10:50:08.406601+00:00,requests-fast,success,False
https://www.kleegroup.com,R6wedSiYZ7kCjcbpeBVaMN0r,78,0.149951,2026-06-09T10:50:09.860915+00:00,requests-fast,success,False
https://bloomworks.digital,z1R7MGZntmzQmJoxjF32Xz6a,78,0.408330,2026-06-09T10:50:11.915225+00:00,requests-fast,success,False
https://www.green-coding.io/#0.32082949208461653,POuoBh5P5vGXeQXX5hV6cO0f,72,0.246623,2026-06-09T10:50:14.652668+00:00,requests-fast,success,False
https://www.green-coding.io/#0.6688248197242369,POuoBh5P5vGXeQXX5hV6cO0f,72,0.246623,2026-06-09T10:50:15.165647+00:00,requests-fast,success,False
https://www.green-coding.io/#0.6182767793090607,POuoBh5P5vGXeQXX5hV6cO0f,72,0.246623,2026-06-09T10:50:16.114902+00:00,requests-fast,success,False
https://www.green-coding.io/#0.5446603232541051,POuoBh5P5vGXeQXX5hV6cO0f,72,0.246623,2026-06-09T10:50:17.609204+00:00,requests-fast,success,False
https://www.ek.dk,fz2hi95VZu6WLfQpK4s0pmnw,52,0.893352,2026-06-09T10:50:20.635240+00:00,requests-fast,success,False
https://www.green-coding.io/#0.9546906067142792,POuoBh5P5vGXeQXX5hV6cO0f,72,0.246623,2026-06-09T10:50:22.127384+00:00,requests-fast,success,False
https://www.pasdecalais.fr,rDNrmhL8rRjmCmW2DqGnSqtD,56,0.730245,2026-06-09T10:50:23.151906+00:00,requests-fast,success,False
https://takamtikou.bnf.fr,mFy9BqNvFllwMxcGWvxSH4fs,66,0.243592,2026-06-09T10:50:26.935679+00:00,requests-fast,success,False
https://www.operadeparis.fr,AxgavRVQQSXW9LRTFxiObBzM,31,1.381976,2026-06-09T10:50:28.027448+00:00,requests-fast,success,False
https://www.green-coding.io/#0.9673205765779062,POuoBh5P5vGXeQXX5hV6cO0f,72,0.246623,2026-06-09T10:50:29.358910+00:00,requests-fast,success,False
https://tngtech.com,zA2m3EjMdl1TM6LlLME9stWb,75,0.266690,2026-06-09T10:50:33.122036+00:00,requests-fast,success,False
https://www.green-coding.io/#0.6878489962631453,POuoBh5P5vGXeQXX5hV6cO0f,72,0.246623,2026-06-09T10:50:35.321095+00:00,requests-fast,success,False
https://sightsavers.org,xu6ikofB1iOUjzaFwpL627UJ,52,1.934617,2026-06-09T10:50:34.515111+00:00,requests-fast,success,False
https://www.coelsa.com.ar,H34NXKnpF7SAoiICfojAC7QM,56,2.348515,2026-06-09T10:50:41.988972+00:00,requests-fast,success,False
https://www.green-coding.io/#0.43954183815595715,POuoBh5P5vGXeQXX5hV6cO0f,72,0.246623,2026-06-09T10:50:43.545032+00:00,requests-fast,success,False
https://www.green-coding.io/#0.23321678459351503,POuoBh5P5vGXeQXX5hV6cO0f,72,0.246623,2026-06-09T10:50:43.528878+00:00,requests-fast,success,False
https://museedesplansreliefs.fr/voir-au-musee,Vyc8rogB23fVmDJkKEOQsXXr,nan,nan,2026-06-09T10:50:21.312079+00:00,failed,error,True
https://www.green-coding.io/#0.6942912083116731,POuoBh5P5vGXeQXX5hV6cO0f,72,0.246623,2026-06-09T10:50:48.448460+00:00,requests-fast,success,False
https://test.wonderingchimp.com,,nan,nan,2026-06-09T10:50:51.872092+00:00,failed,error,True
https://www.green-coding.io/#0.11643598930154098,POuoBh5P5vGXeQXX5hV6cO0f,72,0.246623,2026-06-09T10:50:50.982726+00:00,requests-fast,success,False
https://dimpact.org,yqx1PO3bvPwdv8cwR5FWO8Mx,81,0.071520,2026-06-09T10:50:51.009259+00:00,requests-fast,success,False
https://www.mumunkwan-borghetto.org,2UvHMcdaAGCZ6KzK9tszn2XO,71,0.101490,2026-06-09T10:50:53.962089+00:00,requests-fast,success,False
https://qualityminds.com/de,,nan,nan,2026-06-09T10:50:57.324902+00:00,failed,error,True
https://www.happyplanetprofessionals.nl,JFzdxO95dKiXijzgj38cbcYb,57,0.818769,2026-06-09T10:50:55.403289+00:00,requests-fast,success,False
https://Concern.net,r3lKkLzbWtRXJgtcQLaPweql,67,0.774254,2026-06-09T10:50:57.659274+00:00,requests-fast,success,False
https://X.com,,nan,nan,2026-06-09T10:51:01.069211+00:00,failed,error,True
https://SystemSeed.com,ZVJfX2aXkQ93CRj2Vf5BxC2d,82,0.394635,2026-06-09T10:50:59.397659+00:00,requests-fast,success,False
https://Alamoa.io,7VjH2LDYarTZl8dyqbO20nhK,57,0.833688,2026-06-09T10:51:04.013896+00:00,requests-fast,success,False
https://www.codeandtheory.com,dv2zKqHdUfii6s2O9PZS0X1i,26,10.192811,2026-06-09T10:51:04.017332+00:00,requests-fast,success,False
https://www.abouthalf.com,CPvGyHv9Vl1vAInGTOF71WE3,96,0.145632,2026-06-09T10:51:06.208987+00:00,requests-fast,success,False
https://fanuzzi.com,wurP6LOac1qetVXwjhV8uWw6,70,0.116665,2026-06-09T10:51:04.315500+00:00,requests-fast,success,False
https://rhythmagency.com,ro5aUJN3Nr1Iixc4NxokV3iX,62,1.113849,2026-06-09T10:51:10.253847+00:00,requests-fast,success,False
https://mikemai.net/mcss,qKBSFL6uJpxysQaEOYTgQPGm,97,0.120844,2026-06-09T10:51:11.691021+00:00,requests-fast,success,False
https://www.green-coding.io/#0.1265877505836126,POuoBh5P5vGXeQXX5hV6cO0f,72,0.246623,2026-06-09T10:51:14.456555+00:00,requests-fast,success,False
https://mikemai.net,fHSgUOdhcjB0DvL1l6SaVu1t,98,0.054763,2026-06-09T10:51:14.453151+00:00,requests-fast,success,False
https://www.42watt.de,RNfm4nudE0jxqJw7BS0wTHjl,16,12.279917,2026-06-09T10:51:16.753046+00:00,requests-fast,success,False
https://www.noreja.com,g4Ll7zztm5fhmaE3dxURX7kt,37,2.102202,2026-06-09T10:51:17.729066+00:00,requests-fast,success,False
https://denkwerkers.com,Um8hpgO7T7Av3VEPaQaer0fE,83,0.010710,2026-06-09T10:51:20.904625+00:00,requests-fast,success,False
https://bethdeconinck.com,Io1WzL6fOh7lDNhIPatuUaVN,100,0.010852,2026-06-09T10:51:20.651162+00:00,requests-fast,success,False
https://bitless.nl,p0ZBc0cp2m9SSBP7Q6oJBVAZ,99,0.021698,2026-06-09T10:51:22.833396+00:00,requests-fast,success,False
https://www.green-coding.io/#0.5209442134029127,POuoBh5P5vGXeQXX5hV6cO0f,72,0.246623,2026-06-09T10:51:24.516263+00:00,requests-fast,success,False
https://www.green-coding.io/#0.4780044970098599,POuoBh5P5vGXeQXX5hV6cO0f,72,0.246623,2026-06-09T10:51:27.559306+00:00,requests-fast,success,False
https://www.tekniikanmaailma.fi,KzZltdYl1fpeaz0MrD9ugJiU,30,5.838040,2026-06-09T10:51:27.251213+00:00,requests-fast,success,False
https://simonau.org,Qc9OvEDkp2ISDvFQDh8W6NlN,82,0.021123,2026-06-09T10:51:28.993163+00:00,requests-fast,success,False
https://www.green-coding.io/#0.0002252461833738284,POuoBh5P5vGXeQXX5hV6cO0f,72,0.246623,2026-06-09T10:51:30.028956+00:00,requests-fast,success,False
https://www.green-coding.io/#0.015271378990456164,POuoBh5P5vGXeQXX5hV6cO0f,72,0.246623,2026-06-09T10:51:33.967712+00:00,requests-fast,success,False
https://www.green-coding.io/#0.8649233792754702,POuoBh5P5vGXeQXX5hV6cO0f,72,0.246623,2026-06-09T10:51:33.909148+00:00,requests-fast,success,False
https://directivas.eu/#2,HgKsqyH54VYAs3Z3b82T3Vep,100,0.014064,2026-06-09T10:51:35.834183+00:00,requests-fast,success,False
https://www.cap-com.org,6Q9tR98uBnHPebyomLy1jWD4,73,0.565667,2026-06-09T10:51:36.090684+00:00,requests-fast,success,False
https://www.green-coding.io/#0.9336589769692004,POuoBh5P5vGXeQXX5hV6cO0f,72,0.246623,2026-06-09T10:51:40.273242+00:00,requests-fast,success,False
https://diretivas.eu/#11,HgKsqyH54VYAs3Z3b82T3Vep,100,0.014064,2026-06-09T10:51:40.460912+00:00,requests-fast,success,False
https://www.green-coding.io/#0.7434544276865594,POuoBh5P5vGXeQXX5hV6cO0f,72,0.246623,2026-06-09T10:51:43.075825+00:00,requests-fast,success,False
https://tollwerk.de,JBLNkwDZYTB5vpFEvlP1chJg,96,0.132011,2026-06-09T10:51:42.811625+00:00,requests-fast,success,False
https://dymatrix.de,fyXBlN5uonUAZWw3Y3mLODOo,59,0.858554,2026-06-09T10:51:46.457096+00:00,requests-fast,success,False
https://sovereign.tech,XH4yGMsMnmpkPwAX6F5I1GR5,86,0.126483,2026-06-09T10:51:47.145863+00:00,requests-fast,success,False
https://metafinanz.de,tMBWBg0uXiVXyx8U0khSxzPh,56,0.592118,2026-06-09T10:51:49.922792+00:00,requests-fast,success,False
https://klimabytes.com/blog/2026/ki-greenwashing-bericht-entlarvt-big-tech,bzAEJBEZ8o1eH1u6FEca6Kwx,98,0.023529,2026-06-09T10:51:50.176601+00:00,requests-fast,success,False
https://www.green-coding.io/#0.8324592603111738,POuoBh5P5vGXeQXX5hV6cO0f,72,0.246623,2026-06-09T10:51:54.999406+00:00,requests-fast,success,False
https://klimabytes.com/blog/2026/der-preis-von-danke-nachrichten-im-ki-chat,N7TBZU43bM8iPaq24PdUvRnu,98,0.022188,2026-06-09T10:51:54.803555+00:00,requests-fast,success,False
https://informatiemodel.istandaarden.nl,sQV9OEktsjeIgsXBs5OJ2ckF,94,0.145292,2026-06-09T10:51:56.867712+00:00,requests-fast,success,False
https://diretivas.eu,HgKsqyH54VYAs3Z3b82T3Vep,100,0.014064,2026-06-09T10:51:57.149538+00:00,requests-fast,success,False
https://www.green-coding.io/#0.40828991771561207,POuoBh5P5vGXeQXX5hV6cO0f,72,0.246623,2026-06-09T10:52:01.768720+00:00,requests-fast,success,False
https://netcetera.com,,nan,nan,2026-06-09T10:52:03.519499+00:00,failed,error,True
https://greendevsecops.com,5mNlwOPo109Shwit8jCz8NpP,97,0.091779,2026-06-09T10:52:03.637904+00:00,requests-fast,success,False
https://www.green-coding.io/#0.2759359123044506,POuoBh5P5vGXeQXX5hV6cO0f,72,0.246623,2026-06-09T10:52:07.294431+00:00,requests-fast,success,False
https://www.green-coding.io/#0.8329474463671537,POuoBh5P5vGXeQXX5hV6cO0f,72,0.246623,2026-06-09T10:52:07.595815+00:00,requests-fast,success,False
https://www.green-coding.io/#0.45427842414771347,POuoBh5P5vGXeQXX5hV6cO0f,72,0.246623,2026-06-09T10:52:09.514019+00:00,requests-fast,success,False
https://www.green-coding.io/#0.14193776678391956,POuoBh5P5vGXeQXX5hV6cO0f,72,0.246623,2026-06-09T10:52:13.639452+00:00,requests-fast,success,False
https://inspirotheque.limitesnumeriques.fr/inspirotheque,9aoAyA1L5TPa7EtcnNMR23Iz,98,0.044046,2026-06-09T10:52:13.435024+00:00,requests-fast,success,False
https://www.amazon.co.uk,DwKbOmnygfaisiH9lzQ3uRfz,40,3.568251,2026-06-09T10:52:15.076989+00:00,requests-fast,success,False
https://www.bbc.co.uk,WjTcxKRypph8s79S0EazQdl2,29,3.443479,2026-06-09T10:52:19.478371+00:00,requests-fast,success,False
https://IC-Consult.com,,nan,nan,2026-06-09T10:52:21.489408+00:00,queued,queued,True
https://www.gov.uk,A4SzYWJMrAHpg7YYVwfpQvEM,76,0.082214,2026-06-09T10:52:20.592669+00:00,requests-fast,success,False
https://www.green-coding.io/#0.21529613849328244,POuoBh5P5vGXeQXX5hV6cO0f,72,0.246623,2026-06-09T10:52:25.211627+00:00,requests-fast,success,False
https://www.green-coding.io/#0.06818464759096943,POuoBh5P5vGXeQXX5hV6cO0f,72,0.246623,2026-06-09T10:52:25.616425+00:00,requests-fast,success,False
https://pub.ong,ZhtEJ10cCBsXRyRiljUAfeFw,nan,nan,2026-06-09T10:52:01.643744+00:00,failed,error,True
https://bild.de,IqtaX9xO3HxZcKAdyQCGcTlR,37,2.207390,2026-06-09T10:52:26.542540+00:00,requests-fast,success,False
https://www.green-coding.io/#0.6101044013500905,POuoBh5P5vGXeQXX5hV6cO0f,72,0.246623,2026-06-09T10:52:31.763755+00:00,requests-fast,success,False
https://www.aline.to,qNEZLFyMIfwNIyCDHo5H8K9F,83,0.014933,2026-06-09T10:52:31.970255+00:00,requests-fast,success,False
https://www.green-coding.io/#0.42104636700115083,POuoBh5P5vGXeQXX5hV6cO0f,72,0.246623,2026-06-09T10:52:32.017188+00:00,requests-fast,success,False
https://www.green-coding.io/#0.30333342884659187,POuoBh5P5vGXeQXX5hV6cO0f,72,0.246623,2026-06-09T10:52:32.990842+00:00,requests-fast,success,False
https://w3.org,hddYg4N1Q5VfT1uAk7ruPIkF,92,0.226662,2026-06-09T10:52:38.652468+00:00,requests-fast,success,False
https://www.green-coding.io/#0.42547644419453656,POuoBh5P5vGXeQXX5hV6cO0f,72,0.246623,2026-06-09T10:52:39.345668+00:00,requests-fast,success,False
https://www.green-coding.io/#0.36235951980237,POuoBh5P5vGXeQXX5hV6cO0f,72,0.246623,2026-06-09T10:52:39.339644+00:00,requests-fast,success,False
https://neuralsound.org,hPlin6QZqumFECKiVuyZhJoO,51,0.930864,2026-06-09T10:52:40.161321+00:00,requests-fast,success,False
https://clarifyingcomplexideas.com,VLtG59PuP6TATn2tnpvhbKwK,91,0.236884,2026-06-09T10:52:45.078644+00:00,requests-fast,success,False
https://www.green-coding.io/#0.5913455621920525,POuoBh5P5vGXeQXX5hV6cO0f,72,0.246623,2026-06-09T10:52:46.286874+00:00,requests-fast,success,False
https://systemstree.net,DGX520ZloZBoQezBjyUthvuo,100,0.008834,2026-06-09T10:52:46.296081+00:00,requests-fast,success,False
https://codewordcreative.com,memeHtlZDWi0s40FANCIhkWu,100,0.012475,2026-06-09T10:52:47.018104+00:00,requests-fast,success,False
https://rosenewell.co.uk,TyCUcwgY9xdRrO3Rdmu0aOLC,100,0.011807,2026-06-09T10:52:51.424617+00:00,requests-fast,success,False
https://nicklewis.dev,2S9coOnoU5nUklY57buahL0E,98,0.065121,2026-06-09T10:52:52.755212+00:00,requests-fast,success,False
https://heartofwalesgeopark.org.uk,etzeJ9st5upjKwfeQXVzfhiU,99,0.056621,2026-06-09T10:52:53.267134+00:00,requests-fast,success,False
https://www.laetis.fr,h27hA80tICiZH7l2t7X2XLhk,82,0.593177,2026-06-09T10:52:53.783178+00:00,requests-fast,success,False
https://www.lunaweb.fr,CIu6t2yi49UJ5vpiTRZGbaMC,88,0.236049,2026-06-09T10:52:57.467396+00:00,requests-fast,success,False
https://rtl.chrisadams.me.uk/2026/02/on-using-solar-batteries-to-provide-90-of-the-world-population-with-90-of-their-electricity-demand-for-below-90-e-mwh,SSyTymzytXkruKYHuuGlD4pz,100,0.018761,2026-06-09T10:52:59.874663+00:00,requests-fast,success,False
https://thewhole.website/home,XvQS1DQfD5QvTmMCtaHz0A10,96,0.129991,2026-06-09T10:53:00.330123+00:00,requests-fast,success,False
https://heylow.world,Ih8eUxAmFEW4RJc6lpGmJfJo,98,0.071113,2026-06-09T10:53:00.743468+00:00,requests-fast,success,False
https://rainersimon.io,V1eGKMGdwwrlOY24ts5izEfD,44,1.962702,2026-06-09T10:53:03.779506+00:00,requests-fast,success,False
https://www.green-coding.io/#0.9240658511895788,POuoBh5P5vGXeQXX5hV6cO0f,72,0.246623,2026-06-09T10:53:07.912145+00:00,requests-fast,success,False
https://vienna.permacomputing.net,KzFJYmV0gjdDGZG06xIdopS4,83,0.001077,2026-06-09T10:53:07.540643+00:00,requests-fast,success,False
https://scott.ee,zZDf5biC2RCrHsRzdQwfj2EW,97,0.097518,2026-06-09T10:53:08.364621+00:00,requests-fast,success,False
https://Ganslandt.xyz,Vo3iUsZmrPpDxWULXNaXzSS1,100,0.009946,2026-06-09T10:53:09.836801+00:00,requests-fast,success,False
https://Romainjacob.net,wm1Q2KOzqgXq4OA43dmg5aWC,91,0.108177,2026-06-09T10:53:14.182761+00:00,requests-fast,success,False
https://branch.climateAction.tech,DQxHhNUZcVQxMXO6Wa14YpUK,96,0.097955,2026-06-09T10:53:14.628925+00:00,requests-fast,success,False
https://tornado.de,RbUh7Dt8rSZslJS4A5M4voyj,98,0.036212,2026-06-09T10:53:15.169935+00:00,requests-fast,success,False
https://klimabytes.com,vKv4GmQQxQi91NVpRSUK7nPp,98,0.051491,2026-06-09T10:53:16.093162+00:00,requests-fast,success,False
https://www.green-coding.io/#0.8046255623041377,POuoBh5P5vGXeQXX5hV6cO0f,72,0.246623,2026-06-09T10:53:20.094996+00:00,requests-fast,success,False
https://www.green-coding.io/#0.28515997765861856,POuoBh5P5vGXeQXX5hV6cO0f,72,0.246623,2026-06-09T10:53:21.441029+00:00,requests-fast,success,False
https://www.green-coding.io/#0.4945652602496968,POuoBh5P5vGXeQXX5hV6cO0f,72,0.246623,2026-06-09T10:53:22.156188+00:00,requests-fast,success,False
https://www.green-coding.io/#0.512574380280426,POuoBh5P5vGXeQXX5hV6cO0f,72,0.246623,2026-06-09T10:53:22.860679+00:00,requests-fast,success,False
https://www.green-coding.io/#0.34701270391091843,POuoBh5P5vGXeQXX5hV6cO0f,72,0.246623,2026-06-09T10:53:25.573278+00:00,requests-fast,success,False
https://www.green-coding.io/#0.9382947048577546,POuoBh5P5vGXeQXX5hV6cO0f,72,0.246623,2026-06-09T10:53:27.145524+00:00,requests-fast,success,False
https://www.green-coding.io/#0.716466822520178,POuoBh5P5vGXeQXX5hV6cO0f,72,0.246623,2026-06-09T10:53:28.237818+00:00,requests-fast,success,False
https://www.green-coding.io/#0.004305834175213463,POuoBh5P5vGXeQXX5hV6cO0f,72,0.246623,2026-06-09T10:53:28.797350+00:00,requests-fast,success,False
https://www.green-coding.io/#0.08007469522781974,POuoBh5P5vGXeQXX5hV6cO0f,72,0.246623,2026-06-09T10:53:31.385382+00:00,requests-fast,success,False
https://www.green-coding.io/#0.8274329158494466,POuoBh5P5vGXeQXX5hV6cO0f,72,0.246623,2026-06-09T10:53:32.881648+00:00,requests-fast,success,False
https://www.green-coding.io/#0.15501744428823805,POuoBh5P5vGXeQXX5hV6cO0f,72,0.246623,2026-06-09T10:53:34.174074+00:00,requests-fast,success,False
https://www.green-coding.io/#0.18821295902608992,POuoBh5P5vGXeQXX5hV6cO0f,72,0.246623,2026-06-09T10:53:34.569587+00:00,requests-fast,success,False
https://www.green-coding.io/#0.8561908564840314,POuoBh5P5vGXeQXX5hV6cO0f,72,0.246623,2026-06-09T10:53:36.956356+00:00,requests-fast,success,False
https://www.green-coding.io/#0.6276572986890112,POuoBh5P5vGXeQXX5hV6cO0f,72,0.246623,2026-06-09T10:53:38.424966+00:00,requests-fast,success,False
https://www.green-coding.io/#0.4011248968386475,POuoBh5P5vGXeQXX5hV6cO0f,72,0.246623,2026-06-09T10:53:42.627057+00:00,requests-fast,success,False
https://meli.de,Vr7xT7qO64KUOQK8dQLf0w2r,89,0.055013,2026-06-09T10:53:40.627054+00:00,requests-fast,success,False
https://www.green-coding.io/#0.5833212516648215,POuoBh5P5vGXeQXX5hV6cO0f,72,0.246623,2026-06-09T10:53:44.059471+00:00,requests-fast,success,False
https://fuck.com,,nan,nan,2026-06-09T10:53:50.174891+00:00,failed,error,True
https://www.green-coding.io/#0.7686729642211934,POuoBh5P5vGXeQXX5hV6cO0f,72,0.246623,2026-06-09T10:53:48.387732+00:00,requests-fast,success,False
https://www.green-coding.io/#0.34999839170263347,POuoBh5P5vGXeQXX5hV6cO0f,72,0.246623,2026-06-09T10:53:50.481359+00:00,requests-fast,success,False
https://www.green-coding.io/#0.5683695243150567,POuoBh5P5vGXeQXX5hV6cO0f,72,0.246623,2026-06-09T10:53:54.193194+00:00,requests-fast,success,False
https://www.gi.de,AB6VDFGHwEOb46dryIyeWy5c,75,0.521389,2026-06-09T10:53:53.371328+00:00,requests-fast,success,False
https://www.green-coding.io/#0.7827729271643523,POuoBh5P5vGXeQXX5hV6cO0f,72,0.246623,2026-06-09T10:53:55.771228+00:00,requests-fast,success,False
https://www.green-coding.io/#0.46145703300857943,POuoBh5P5vGXeQXX5hV6cO0f,72,0.246623,2026-06-09T10:54:00.744665+00:00,requests-fast,success,False
https://www.green-coding.io/#0.5351929348984433,POuoBh5P5vGXeQXX5hV6cO0f,72,0.246623,2026-06-09T10:54:00.781325+00:00,requests-fast,success,False
https://www.seeburger.com,J5ghNCC4dwkhsiPU5InHa3CK,74,0.565567,2026-06-09T10:54:01.872609+00:00,requests-fast,success,False
https://cnn.com,OzUKpo43rTI6rtGxio0c8Wsp,nan,nan,2026-06-09T10:53:40.272607+00:00,failed,error,True
https://www.myspa.me,YncPD8UaJm9VdUnaMUPRwRa5,19,8.127672,2026-06-09T10:54:07.058487+00:00,requests-fast,success,False
https://raumobil.next.smartmobilitymap.de/de,BwawSUvbvmJQA9xsZTG5MY1f,49,0.939920,2026-06-09T10:54:07.096407+00:00,requests-fast,success,False
https://www.green-coding.io/#0.9531990346048513,POuoBh5P5vGXeQXX5hV6cO0f,72,0.246623,2026-06-09T10:54:08.990685+00:00,requests-fast,success,False
https://www.secondred.de,x2fbByqOSnOPHQAc6DQSXn30,56,1.859719,2026-06-09T10:54:08.429109+00:00,requests-fast,success,False
https://www.green-coding.io/#0.6734316038127058,POuoBh5P5vGXeQXX5hV6cO0f,72,0.246623,2026-06-09T10:54:12.839540+00:00,requests-fast,success,False
https://search.brave.com,povwUZuBxMwzXS9XEIP2918f,74,0.209397,2026-06-09T10:54:15.055081+00:00,requests-fast,success,False
https://www.green-coding.io/#0.5954546517314887,POuoBh5P5vGXeQXX5hV6cO0f,72,0.246623,2026-06-09T10:54:15.434049+00:00,requests-fast,success,False
https://heise.de,RNryGXLHRLw3nJVD2gRLl4M9,96,0.000250,2026-06-09T10:54:15.902745+00:00,requests-fast,success,False
https://www.meetup.com,dtb4GM2TF7WUtT4nerqsKwOA,33,3.057769,2026-06-09T10:54:18.067278+00:00,requests-fast,success,False
https://www.green-coding.io/#0.6592933431234068,POuoBh5P5vGXeQXX5hV6cO0f,72,0.246623,2026-06-09T10:54:21.538936+00:00,requests-fast,success,False
http://ribalba.de,C2nRzdm3f8c7LLxXjIMeuy1y,83,0.007483,2026-06-09T10:54:22.356792+00:00,requests-fast,success,False
https://www.gruenderszene.de,eKuB0AuUNI4z4uBRWwA2HfAn,78,0.401929,2026-06-09T10:54:20.921717+00:00,requests-fast,success,False
https://www.green-coding.io/#0.5850042797359774,POuoBh5P5vGXeQXX5hV6cO0f,72,0.246623,2026-06-09T10:54:25.188306+00:00,requests-fast,success,False
https://laudevsat.fr,qWMafFkjyoJa36pbOWbquIVh,81,0.043913,2026-06-09T10:54:27.306610+00:00,requests-fast,success,False
https://www.green-coding.io/#0.708793188235575,POuoBh5P5vGXeQXX5hV6cO0f,72,0.246623,2026-06-09T10:54:29.939420+00:00,requests-fast,success,False
https://www.green-coding.io/#0.052853362390534175,POuoBh5P5vGXeQXX5hV6cO0f,72,0.246623,2026-06-09T10:54:29.837283+00:00,requests-fast,success,False
https://www.eco-compute.io/#new-run,xDg5KsXqz46moAC337CKo2mt,71,0.401370,2026-06-09T10:54:31.263498+00:00,requests-fast,success,False
https://www.green-coding.io/#0.30173694214239255,POuoBh5P5vGXeQXX5hV6cO0f,72,0.246623,2026-06-09T10:54:33.182807+00:00,requests-fast,success,False
https://www.green-coding.io/#0.3167409558772454,POuoBh5P5vGXeQXX5hV6cO0f,72,0.246623,2026-06-09T10:54:36.486760+00:00,requests-fast,success,False
https://rofl.de,NDimnhmCx4lPpSTRTLavXQzV,99,0.000307,2026-06-09T10:54:36.550776+00:00,requests-fast,success,False
http://www.ribalba.de,C2nRzdm3f8c7LLxXjIMeuy1y,83,0.007483,2026-06-09T10:54:37.926804+00:00,requests-fast,success,False
https://www.green-coding.io/#0.013665289094639155,POuoBh5P5vGXeQXX5hV6cO0f,72,0.246623,2026-06-09T10:54:38.743816+00:00,requests-fast,success,False
https://www.adidas.de,,nan,nan,2026-06-09T10:54:43.651452+00:00,failed,error,True
https://uh35guiehugh4uegheu.com,,nan,nan,2026-06-09T10:54:44.810060+00:00,failed,error,True
https://www.green-coding.io/#0.32058134372944413,POuoBh5P5vGXeQXX5hV6cO0f,72,0.246623,2026-06-09T10:54:42.629151+00:00,requests-fast,success,False
https://www.green-coding.io/#0.38655814356350926,POuoBh5P5vGXeQXX5hV6cO0f,72,0.246623,2026-06-09T10:54:45.007144+00:00,requests-fast,success,False
https://www.green-coding.io/#0.9490078884712562,POuoBh5P5vGXeQXX5hV6cO0f,72,0.246623,2026-06-09T10:54:46.826485+00:00,requests-fast,success,False
https://www.green-coding.io/#0.6242279364392984,POuoBh5P5vGXeQXX5hV6cO0f,72,0.246623,2026-06-09T10:54:47.954494+00:00,requests-fast,success,False
https://www.green-coding.io/#0.4213123123,POuoBh5P5vGXeQXX5hV6cO0f,72,0.246623,2026-06-09T10:54:47.959503+00:00,requests-fast,success,False
https://www.green-coding.io/#0.5380938826913233,POuoBh5P5vGXeQXX5hV6cO0f,72,0.246623,2026-06-09T10:54:50.351634+00:00,requests-fast,success,False
https://docs.github.com/en/actions/reference/workflows-and-actions/workflow-syntax#permissions,cRwwV5nEZFTyKHLeqemkYq9A,72,0.211164,2026-06-09T10:54:52.260116+00:00,requests-fast,success,False
https://teamscale.com,XLozX1IPBELGfpvaQK7bLGWS,53,0.974683,2026-06-09T10:54:53.816549+00:00,requests-fast,success,False
https://www.green-coding.io/#0.5380938826913229,POuoBh5P5vGXeQXX5hV6cO0f,72,0.246623,2026-06-09T10:54:54.203018+00:00,requests-fast,success,False
https://www.nytimes.com,vrk1il7aoY27rArAkyxPCshE,29,4.368288,2026-06-09T10:54:55.904485+00:00,requests-fast,success,False
https://www.green-coding.io/#0.041437223355680564,POuoBh5P5vGXeQXX5hV6cO0f,72,0.246623,2026-06-09T10:54:58.300680+00:00,requests-fast,success,False
https://www.green-coding.io/#0.5446848521430873,POuoBh5P5vGXeQXX5hV6cO0f,72,0.246623,2026-06-09T10:55:00.273601+00:00,requests-fast,success,False
https://www.green-coding.io/#0.2815981448611269,POuoBh5P5vGXeQXX5hV6cO0f,72,0.246623,2026-06-09T10:55:00.243553+00:00,requests-fast,success,False
https://www.green-coding.io/#0.07334783692648106,POuoBh5P5vGXeQXX5hV6cO0f,72,0.246623,2026-06-09T10:55:01.986491+00:00,requests-fast,success,False
https://www.green-coding.io/#0.6516599123716766,POuoBh5P5vGXeQXX5hV6cO0f,72,0.246623,2026-06-09T10:55:03.668126+00:00,requests-fast,success,False
https://www.green-coding.io/#0.8888690684886141,POuoBh5P5vGXeQXX5hV6cO0f,72,0.246623,2026-06-09T10:55:07.717826+00:00,requests-fast,success,False
https://www.green-coding.io/#0.9549250101419839,POuoBh5P5vGXeQXX5hV6cO0f,72,0.246623,2026-06-09T10:55:08.133306+00:00,requests-fast,success,False
https://www.green-coding.io/#0.40167317656825285,POuoBh5P5vGXeQXX5hV6cO0f,72,0.246623,2026-06-09T10:55:09.052540+00:00,requests-fast,success,False
https://www.green-coding.io/#0.6366922296138723,POuoBh5P5vGXeQXX5hV6cO0f,72,0.246623,2026-06-09T10:55:09.665536+00:00,requests-fast,success,False
https://www.green-coding.io/#0.18739292669698704,POuoBh5P5vGXeQXX5hV6cO0f,72,0.246623,2026-06-09T10:55:13.761530+00:00,requests-fast,success,False
https://www.green-coding.io/#0.6990011505810617,POuoBh5P5vGXeQXX5hV6cO0f,72,0.246623,2026-06-09T10:55:14.580971+00:00,requests-fast,success,False
https://www.green-coding.io/#0.5359799365588476,POuoBh5P5vGXeQXX5hV6cO0f,72,0.246623,2026-06-09T10:55:15.606151+00:00,requests-fast,success,False
https://www.green-coding.io/#0.44498115765299684,POuoBh5P5vGXeQXX5hV6cO0f,72,0.246623,2026-06-09T10:55:15.933647+00:00,requests-fast,success,False
https://www.green-coding.io/#0.9417941731173808,POuoBh5P5vGXeQXX5hV6cO0f,72,0.246623,2026-06-09T10:55:19.231743+00:00,requests-fast,success,False
https://www.green-coding.io/#0.5461810616609005,POuoBh5P5vGXeQXX5hV6cO0f,72,0.246623,2026-06-09T10:55:20.315809+00:00,requests-fast,success,False
https://www.green-coding.io/#0.003379664177503461,POuoBh5P5vGXeQXX5hV6cO0f,72,0.246623,2026-06-09T10:55:22.157300+00:00,requests-fast,success,False
https://5thfloor.be,CB1gPADJAjWDI4DWZ35yUbkC,62,0.355905,2026-06-09T10:55:21.748899+00:00,requests-fast,success,False
https://www.green-coding.io/#0.20861361965134795,POuoBh5P5vGXeQXX5hV6cO0f,72,0.246623,2026-06-09T10:55:24.544159+00:00,requests-fast,success,False
https://www.green-coding.io/#0.7716861251713015,POuoBh5P5vGXeQXX5hV6cO0f,72,0.246623,2026-06-09T10:55:25.945739+00:00,requests-fast,success,False
https://www.green-coding.io/#0.7153173577566424,POuoBh5P5vGXeQXX5hV6cO0f,72,0.246623,2026-06-09T10:55:27.895967+00:00,requests-fast,success,False
https://www.green-coding.io/#0.2657275815987573,POuoBh5P5vGXeQXX5hV6cO0f,72,0.246623,2026-06-09T10:55:28.915026+00:00,requests-fast,success,False
https://www.green-coding.io/#0.07034673459122542,POuoBh5P5vGXeQXX5hV6cO0f,72,0.246623,2026-06-09T10:55:30.297755+00:00,requests-fast,success,False
https://www.green-coding.io/#0.47570995266196936,POuoBh5P5vGXeQXX5hV6cO0f,72,0.246623,2026-06-09T10:55:31.380742+00:00,requests-fast,success,False
https://www.green-coding.io/#0.3239807603587247,POuoBh5P5vGXeQXX5hV6cO0f,72,0.246623,2026-06-09T10:55:33.467167+00:00,requests-fast,success,False
https://www.green-coding.io/#0.06986902538132878,POuoBh5P5vGXeQXX5hV6cO0f,72,0.246623,2026-06-09T10:55:34.658777+00:00,requests-fast,success,False
https://www.green-coding.io/#0.6250905161399831,POuoBh5P5vGXeQXX5hV6cO0f,72,0.246623,2026-06-09T10:55:35.865278+00:00,requests-fast,success,False
https://post.at,MY99CztzT64stD8kmNEUIOyf,26,2.012321,2026-06-09T10:55:36.890374+00:00,requests-fast,success,False
https://www.green-coding.io/#0.06557441322163815,POuoBh5P5vGXeQXX5hV6cO0f,72,0.246623,2026-06-09T10:55:38.901298+00:00,requests-fast,success,False
https://www.green-coding.io/#0.9959748200348969,POuoBh5P5vGXeQXX5hV6cO0f,72,0.246623,2026-06-09T10:55:40.800687+00:00,requests-fast,success,False
https://www.green-coding.io/#0.9449677507091095,POuoBh5P5vGXeQXX5hV6cO0f,72,0.246623,2026-06-09T10:55:41.614279+00:00,requests-fast,success,False
https://www.generali.de,FBOambiiEym86LagkEr5iAnq,63,0.360815,2026-06-09T10:55:43.171202+00:00,requests-fast,success,False
https://www.cosmosdirekt.de,02eMGqZi777hp9frOE0DjiDP,55,1.027653,2026-06-09T10:55:44.788120+00:00,requests-fast,success,False
https://www.green-coding.io/#0.49780529537238816,POuoBh5P5vGXeQXX5hV6cO0f,72,0.246623,2026-06-09T10:55:46.488061+00:00,requests-fast,success,False
https://www.green-coding.io/#0.8344397763761242,POuoBh5P5vGXeQXX5hV6cO0f,72,0.246623,2026-06-09T10:55:47.202782+00:00,requests-fast,success,False
https://www.green-coding.io/#0.8732710403183619,POuoBh5P5vGXeQXX5hV6cO0f,72,0.246623,2026-06-09T10:55:49.599988+00:00,requests-fast,success,False
https://www.green-coding.io/#0.6467003797487365,POuoBh5P5vGXeQXX5hV6cO0f,72,0.246623,2026-06-09T10:55:51.087766+00:00,requests-fast,success,False
https://www.green-coding.io/#0.8180263764686871,POuoBh5P5vGXeQXX5hV6cO0f,72,0.246623,2026-06-09T10:55:52.186842+00:00,requests-fast,success,False
https://maritdigital.com,W6nLS32g8NsFfAwnFSLc5fzt,83,0.412419,2026-06-09T10:55:53.023228+00:00,requests-fast,success,False
https://www.adidas.de/#123123,,nan,nan,2026-06-09T10:55:58.920432+00:00,failed,error,True
https://perma.earth,Ye9TKYE8jFviB9Um6Y7unXVZ,68,1.034759,2026-06-09T10:55:55.116311+00:00,requests-fast,success,False
https://www.eco-compute.io,xDg5KsXqz46moAC337CKo2mt,71,0.401370,2026-06-09T10:55:57.077108+00:00,requests-fast,success,False
https://www.green-coding.io/#0.8613722054458159,POuoBh5P5vGXeQXX5hV6cO0f,72,0.246623,2026-06-09T10:55:58.310908+00:00,requests-fast,success,False
https://www.green-coding.io/#0.5270546414979418,POuoBh5P5vGXeQXX5hV6cO0f,72,0.246623,2026-06-09T10:56:02.169777+00:00,requests-fast,success,False
https://www.green-coding.io/#0.3548477624642745,POuoBh5P5vGXeQXX5hV6cO0f,72,0.246623,2026-06-09T10:56:03.056777+00:00,requests-fast,success,False
https://www.green-coding.io/#0.7230041204658547,POuoBh5P5vGXeQXX5hV6cO0f,72,0.246623,2026-06-09T10:56:03.630495+00:00,requests-fast,success,False
https://www.green-coding.io/#0.017065526735827174,POuoBh5P5vGXeQXX5hV6cO0f,72,0.246623,2026-06-09T10:56:04.867513+00:00,requests-fast,success,False
https://www.green-coding.io/#0.9027080386006415,POuoBh5P5vGXeQXX5hV6cO0f,72,0.246623,2026-06-09T10:56:07.822896+00:00,requests-fast,success,False
https://www.green-coding.io/#0.16509368006829372,POuoBh5P5vGXeQXX5hV6cO0f,72,0.246623,2026-06-09T10:56:09.054104+00:00,requests-fast,success,False
https://www.green-coding.io/#0.22910137222484195,POuoBh5P5vGXeQXX5hV6cO0f,72,0.246623,2026-06-09T10:56:09.932932+00:00,requests-fast,success,False
https://www.green-coding.io/#0.02244199049300666,POuoBh5P5vGXeQXX5hV6cO0f,72,0.246623,2026-06-09T10:56:10.795272+00:00,requests-fast,success,False
https://tiktok.de,,nan,nan,2026-06-09T10:56:15.676503+00:00,failed,error,True
https://www.green-coding.io/#0.372675023115964,POuoBh5P5vGXeQXX5hV6cO0f,72,0.246623,2026-06-09T10:56:13.462107+00:00,requests-fast,success,False
https://www.green-coding.io/#0.3084500178598657,POuoBh5P5vGXeQXX5hV6cO0f,72,0.246623,2026-06-09T10:56:14.790339+00:00,requests-fast,success,False
https://substack.com,8c6snNJSQawHj0IGPccQ5CWj,49,2.533363,2026-06-09T10:56:16.810866+00:00,requests-fast,success,False
https://www.green-coding.io/#0.34901472569749004,POuoBh5P5vGXeQXX5hV6cO0f,72,0.246623,2026-06-09T10:56:19.016884+00:00,requests-fast,success,False
https://www.green-coding.io/#0.14542466128752274,POuoBh5P5vGXeQXX5hV6cO0f,72,0.246623,2026-06-09T10:56:19.504131+00:00,requests-fast,success,False
https://www.perma.earth,Ye9TKYE8jFviB9Um6Y7unXVZ,68,1.034759,2026-06-09T10:56:20.731978+00:00,requests-fast,success,False
https://www.permaculture-network.eu,zVJdESJOark5QpzZl7rMmgNI,87,0.248396,2026-06-09T10:56:22.303180+00:00,requests-fast,success,False
https://thewhole.website,77sCsXeyOPDrpNPmZEfmhQ2a,99,0.018965,2026-06-09T10:56:24.933179+00:00,requests-fast,success,False
https://www.green-coding.io/#0.6348654518602178,POuoBh5P5vGXeQXX5hV6cO0f,72,0.246623,2026-06-09T10:56:25.341379+00:00,requests-fast,success,False
https://www.green-coding.io/#0.2826931655624416,POuoBh5P5vGXeQXX5hV6cO0f,72,0.246623,2026-06-09T10:56:29.352144+00:00,requests-fast,success,False
https://www.green-coding.io/#0.30663148362945736,POuoBh5P5vGXeQXX5hV6cO0f,72,0.246623,2026-06-09T10:56:29.464479+00:00,requests-fast,success,False
https://www.green-coding.io/#0.27185328209019455,POuoBh5P5vGXeQXX5hV6cO0f,72,0.246623,2026-06-09T10:56:31.853028+00:00,requests-fast,success,False
https://www.green-coding.io/#0.7999247818369244,POuoBh5P5vGXeQXX5hV6cO0f,72,0.246623,2026-06-09T10:56:31.954875+00:00,requests-fast,success,False
https://www.green-coding.io/#0.8436535502456731,POuoBh5P5vGXeQXX5hV6cO0f,72,0.246623,2026-06-09T10:56:36.188035+00:00,requests-fast,success,False
https://www.green-coding.io/#0.5865726329037185,POuoBh5P5vGXeQXX5hV6cO0f,72,0.246623,2026-06-09T10:56:35.945710+00:00,requests-fast,success,False
https://www.green-coding.io/#0.7467467133390306,POuoBh5P5vGXeQXX5hV6cO0f,72,0.246623,2026-06-09T10:56:38.373836+00:00,requests-fast,success,False
https://www.green-coding.io/#0.26063823965126254,POuoBh5P5vGXeQXX5hV6cO0f,72,0.246623,2026-06-09T10:56:38.267009+00:00,requests-fast,success,False
https://www.green-coding.io/#0.17599532810038254,POuoBh5P5vGXeQXX5hV6cO0f,72,0.246623,2026-06-09T10:56:43.467921+00:00,requests-fast,success,False
https://www.hft-stuttgart.de,Mm6nuAxfUs57oE1Z5cmhFwDZ,80,0.345840,2026-06-09T10:56:43.663431+00:00,requests-fast,success,False
https://www.green-coding.io/#0.46380814850017127,POuoBh5P5vGXeQXX5hV6cO0f,72,0.246623,2026-06-09T10:56:45.889180+00:00,requests-fast,success,False
https://www.green-coding.io/#0.7294907340651682,POuoBh5P5vGXeQXX5hV6cO0f,72,0.246623,2026-06-09T10:56:45.847666+00:00,requests-fast,success,False
https://cop30.br/en,Xep3kuT2EO44o6UAKcVjqJh5,26,3.493729,2026-06-09T10:56:49.369851+00:00,requests-fast,success,False
https://www.green-coding.io/#detailpage,POuoBh5P5vGXeQXX5hV6cO0f,72,0.246623,2026-06-09T10:56:53.004674+00:00,requests-fast,success,False
https://hdm-stuttgart.de,XmuaVCsEuMXyv8GKfsN16nLq,45,3.400256,2026-06-09T10:56:52.989865+00:00,requests-fast,success,False
https://www.50hertz.com,ZZsxuSwGlR3PV31WM4NzrtND,19,3.967748,2026-06-09T10:56:53.002307+00:00,requests-fast,success,False
https://www.green-coding.io,POuoBh5P5vGXeQXX5hV6cO0f,72,0.246623,2026-06-09T10:56:55.451805+00:00,requests-fast,success,False
https://www.avocadostore.de,,nan,nan,2026-06-09T10:57:01.329149+00:00,failed,error,True
https://www.garten.de,tYNSElaCELfkA8p32V60OUqp,79,0.692426,2026-06-09T10:56:58.827086+00:00,requests-fast,success,False
https://www.golem.de,Ctijc9wRwjuFZOFxEozNaFm7,72,0.149178,2026-06-09T10:57:00.617204+00:00,requests-fast,success,False
https://eco.kde.org,PL7zG0nWjC73QTDBqY18MORC,88,0.368441,2026-06-09T10:57:02.365762+00:00,requests-fast,success,False
https://www.carbon-aware-computing.com,LUmfoA5TSRqw3p1dNlKpDCjW,77,0.266953,2026-06-09T10:57:04.518077+00:00,requests-fast,success,False
https://Wienit.at,aXhfsRriMZD6oUKmiKEN8d14,78,0.353300,2026-06-09T10:57:05.400040+00:00,requests-fast,success,False
https://alexfi.dev,yeVIHw1SqnRhEUGneqIoAib7,75,0.126606,2026-06-09T10:57:08.066171+00:00,requests-fast,success,False
https://www.Wienit.at,aXhfsRriMZD6oUKmiKEN8d14,78,0.353300,2026-06-09T10:57:06.913124+00:00,requests-fast,success,False
https://endof10.org,0HEr2rxaUgIMj9nj3yCmAt0F,91,0.248280,2026-06-09T10:57:10.560021+00:00,requests-fast,success,False
https://www.bluehands.de,GP54MQFkjjsi8HBGVQV2TdIm,82,0.400163,2026-06-09T10:57:13.877298+00:00,requests-fast,success,False
https://hochschule-trier.de,29vJBGe0VLIHM2iePKA0MkpJ,68,0.548328,2026-06-09T10:57:12.849849+00:00,requests-fast,success,False
https://ThomasFricke.de,K4sxZ7Z2vVs2i10VPHLlj9QC,63,0.333861,2026-06-09T10:57:15.704341+00:00,requests-fast,success,False
http://greencoding.f2.htw-berlin.de,ajFKRhq3gbi05gdlnMFhF2OL,55,0.604507,2026-06-09T10:57:16.645379+00:00,requests-fast,success,False
https://pixelgallery.net,WAAjTjrgBDAYPC1Va5Vzyr7M,60,0.694407,2026-06-09T10:57:21.259442+00:00,requests-fast,success,False
https://en.pons.com,hTrTbi894sDk3mbg6Z4VtKBI,71,0.675646,2026-06-09T10:57:21.658773+00:00,requests-fast,success,False
https://city-search-dummy-app-bad.vercel.app,aOlP2rfVXemhlDyeLPODcDgs,80,0.093778,2026-06-09T10:57:22.581816+00:00,requests-fast,success,False
https://www.tagesschau.de,mjx8WE4KWX0ZwZnzA50tZ8cA,52,0.815718,2026-06-09T10:57:23.609497+00:00,requests-fast,success,False
https://www.apple.com,xc1jszQurpLKdnudFWfr5gYI,51,0.821003,2026-06-09T10:57:27.804541+00:00,requests-fast,success,False
https://sandstorm.de,pRHvaY5Rl7VUIXNjOVB6YjWG,82,0.238244,2026-06-09T10:57:28.730178+00:00,requests-fast,success,False
https://www.bosshammersch-hof.de,stgn77UNJmlVMG0TvTuC9LDn,43,4.093406,2026-06-09T10:57:29.457020+00:00,requests-fast,success,False
https://prismatic-cendol-e509f9.netlify.app,RiXwNB0MsNiw80sYibrOvyWe,83,0.001126,2026-06-09T10:57:30.026001+00:00,requests-fast,success,False
https://greenplm.de,,nan,nan,2026-06-09T10:57:34.971957+00:00,failed,error,True
https://lahsd,,nan,nan,2026-06-09T10:57:33.231430+00:00,failed,error,True
https://king.com,rkzmgt9C9Kn6EGRQy1sJ7kA6,75,0.489217,2026-06-09T10:57:36.307425+00:00,requests-fast,success,False
https://Jdhsjs,,nan,nan,2026-06-09T10:57:39.681346+00:00,failed,error,True
https://www.bund.net,,nan,nan,2026-06-09T10:57:46.440508+00:00,failed,error,True
https://Snowflake.com,2GO80dDmRL9amheJjArb9CQK,50,3.558935,2026-06-09T10:57:38.477692+00:00,requests-fast,success,False
https://www.ardmediathek.de,b00Cge6tCtowZwXeP0GOukzL,54,0.752954,2026-06-09T10:57:50.127073+00:00,requests-fast,success,False
https://www.computerbild.de,znqgTcr8nGOBYIZkGeHO8l5h,46,1.216408,2026-06-09T10:57:56.273562+00:00,requests-fast,success,False
https://klimaohnegrenzen.de,MiaNK8vRS7CAQHvyetl0m5Wo,59,0.510319,2026-06-09T10:58:02.109042+00:00,requests-fast,success,False
https://Mercedes-Benz.de,,nan,nan,2026-06-09T10:58:07.648160+00:00,exception,error,True
https://www.etsy.com,,nan,nan,2026-06-09T10:58:09.649006+00:00,failed,error,True
https://www.envite.de,,nan,nan,2026-06-09T10:58:12.853673+00:00,exception,error,True
https://www.nabu.de,F6pvOtFtJ33J0B2nAR9rHip0,54,4.099500,2026-06-09T10:58:09.178292+00:00,requests-fast,success,False
https://www.idealo.de,,nan,nan,2026-06-09T10:58:14.854432+00:00,failed,error,True
https://baumev.de,FH5tlPdB18Pweo4tAY2ibdhD,56,1.637711,2026-06-09T10:58:13.169315+00:00,requests-fast,success,False
https://www.wetter.com,ddBZPPl7OyVCRgAdcMV1nK6i,60,0.488742,2026-06-09T10:58:15.211243+00:00,requests-fast,success,False
https://www.merckgroup.com/de,,nan,nan,2026-06-09T10:58:21.666236+00:00,exception,error,True
https://www.leo.org,BGHj5NDGGiNgCNa2XyXxFfqe,73,0.568324,2026-06-09T10:58:18.391491+00:00,requests-fast,success,False
https://www.klimabuendnis.org/home.html,fQb4FKlmtxaKJduiVG6ohk6t,54,1.887161,2026-06-09T10:58:19.106641+00:00,requests-fast,success,False
https://www.parentsforfuture.de/de,CeZRMs6vVgi56vRB2aMZhtxy,62,0.516434,2026-06-09T10:58:20.774775+00:00,requests-fast,success,False
https://www.infineon.com,IQb8LjYGcjGNbrKiQx5HRPXG,43,1.031549,2026-06-09T10:58:23.666828+00:00,requests-fast,success,False
https://www.booking.com,5RMo1noEeCsKmYAYIK8VC6LL,55,0.606479,2026-06-09T10:58:24.943804+00:00,requests-fast,success,False
https://www.mein-schoener-garten.de,JjcBqMkIRgiCdpj43nmWBaV1,55,1.805609,2026-06-09T10:58:26.078612+00:00,requests-fast,success,False
https://www.chip.de,EnP693S6AnjOFVt5aNQaYbnF,27,13.965879,2026-06-09T10:58:27.379653+00:00,requests-fast,success,False
https://www.shop-apotheke.com,3lhfir5B2bpDahoBYLHbM3qC,40,1.227687,2026-06-09T10:58:29.246632+00:00,requests-fast,success,False
https://www.einfachbacken.de,sK3fOV9AvjOrqhNupv8LSrRC,54,1.782203,2026-06-09T10:58:30.769877+00:00,requests-fast,success,False
https://www.tiktok.com/explore,,nan,nan,2026-06-09T10:58:36.518895+00:00,failed,error,True
https://www.ikea.com,Q3LsbdaY9Cvk16PPWjcXBr2f,58,3.265424,2026-06-09T10:58:33.341948+00:00,requests-fast,success,False
https://www.tui.com,YdBNYIIf6ps6ExUwWric5glD,56,1.435588,2026-06-09T10:58:32.698584+00:00,requests-fast,success,False
https://www.br.de/index.html,tLHbuthF0A060vgqaEb5eTxK,30,4.218691,2026-06-09T10:58:35.080530+00:00,requests-fast,success,False
https://www.zalando.de,,nan,nan,2026-06-09T10:58:39.898205+00:00,failed,error,True
https://www.tripadvisor.de,,nan,nan,2026-06-09T10:58:41.121253+00:00,failed,error,True
https://www.kleinanzeigen.de,r7z7AyX31ACJrFY0XUAfG41l,52,0.780910,2026-06-09T10:58:39.894916+00:00,requests-fast,success,False
https://togetherforfuture.org,SaNclO8ufHspeo3ZiCJSWMp1,42,2.086609,2026-06-09T10:58:39.965453+00:00,requests-fast,success,False
https://www.moviepilot.de,PKfRYS8HdMnEbOVSunW3gySg,76,0.645216,2026-06-09T10:58:43.364399+00:00,requests-fast,success,False
https://www.microsoft.com/de-de,il3hib5yVqCjOBvIkrWXgzD9,36,1.659603,2026-06-09T10:58:44.501299+00:00,requests-fast,success,False
https://www.otto.de,XGGGUY2FY8Rwi6H7BvNQU5Jk,36,1.325369,2026-06-09T10:58:45.533899+00:00,requests-fast,success,False
https://www.schutzstation-wattenmeer.de,WBF6bILJi62nAtVZFweOKO34,60,1.093610,2026-06-09T10:58:48.390445+00:00,requests-fast,success,False
https://www.duh.de,AJtrdy2l6KxTnPt9x5pTdiht,42,11.718373,2026-06-09T10:58:49.252177+00:00,requests-fast,success,False
https://www.linkedin.com,3RIotK6i7WZTIJ8n70wA5LEt,81,0.288398,2026-06-09T10:58:50.389532+00:00,requests-fast,success,False
https://www.msdmanuals.com,AmZ3pCeoZZ6BS0fpWVvCGyKz,53,0.868880,2026-06-09T10:58:51.570279+00:00,requests-fast,success,False
https://www.heidelbergmaterials.com/de,8aOw6ifWuh4tN21r4tZUJtNz,69,0.504967,2026-06-09T10:58:54.845541+00:00,requests-fast,success,False
https://www.buchstaben.com,FLiW6mkxO7K9jYYMG8VHzFdb,82,0.267610,2026-06-09T10:58:56.276696+00:00,requests-fast,success,False
https://www.thalia.de,8iHJtRLJ4aapFwfm1yxtFhoj,53,1.431125,2026-06-09T10:58:57.175124+00:00,requests-fast,success,False
https://eon.com/de,,nan,nan,2026-06-09T10:59:00.991019+00:00,failed,error,True
https://www.focus.de,EfmwHcgktCpCBJmjO3DdwWsD,55,0.670221,2026-06-09T10:58:57.918464+00:00,requests-fast,success,False
https://www.mediamarkt.de,,nan,nan,2026-06-09T10:59:05.130505+00:00,failed,error,True
https://www.wiktionary.org,riqRA5v8Ahk6QUd4hgJe6wOC,83,0.029609,2026-06-09T10:59:03.471352+00:00,requests-fast,success,False
https://open.spotify.com,1F0aGOJhx4VNQnTB6JzMexwg,33,2.419375,2026-06-09T10:59:03.963075+00:00,requests-fast,success,False
https://www.sparkasse.de,CKinj8eK8Ynk4oSC6Jb5W45I,57,0.884550,2026-06-09T10:59:04.366211+00:00,requests-fast,success,False
https://www.telekom.de/start,YD45OWCkg3L5LmnjhZ5t3p0v,45,0.831140,2026-06-09T10:59:08.598397+00:00,requests-fast,success,False
https://www.web.de,zW2K1bRZhYR4Ym6tbI2Sdccy,65,0.731684,2026-06-09T10:59:09.327336+00:00,requests-fast,success,False
https://www.gettyimages.de,HhPLA2xwgAG293IqAeCwpidT,45,1.258563,2026-06-09T10:59:10.003943+00:00,requests-fast,success,False
https://www.henkel.de,4yrV4UWjmJi4urBOrx7TpQt0,42,1.486502,2026-06-09T10:59:10.764935+00:00,requests-fast,success,False
https://www.studyflix.de,se3m3cjU9ejR2uuhUZPK1Zxr,77,0.440857,2026-06-09T10:59:14.813370+00:00,requests-fast,success,False
https://www.rtl.de,tdxrwEQ9Sl0auIC9e3zryAqR,48,1.052802,2026-06-09T10:59:17.358977+00:00,requests-fast,success,False
https://www.google.com,pW7IowjylDpwqKbgg8AJSpQa,79,0.299515,2026-06-09T10:59:17.886683+00:00,requests-fast,success,False
https://bits-und-baeume.org,RPvtjxtiLMrE87A8ffzR69Wf,63,2.170301,2026-06-09T10:59:17.449931+00:00,requests-fast,success,False
https://www.instagram.com,5h2RrDzCx8TZmu1XycF8Cuup,42,1.200696,2026-06-09T10:59:21.376742+00:00,requests-fast,success,False
https://www.deepl.com/en/translator,xtk3ezIBOlrQmdaSZvMYWXyl,53,2.218220,2026-06-09T10:59:24.138378+00:00,requests-fast,success,False
https://www.kicker.de,,nan,nan,2026-06-09T10:59:27.310408+00:00,failed,error,True
https://www.dnr.de,Y8LWJJ1FRpz0WTXS1d8isJXx,65,0.894906,2026-06-09T10:59:24.952058+00:00,requests-fast,success,False
https://www.finanzen.net,8zbOe8kN9zPNgmYcJdXrGKT8,55,0.637902,2026-06-09T10:59:24.747414+00:00,requests-fast,success,False
https://www.immobilienscout24.de,,nan,nan,2026-06-09T10:59:30.578193+00:00,failed,error,True
https://www.pinterest.com,JpA0tR4SGEpFX36ZsTGerDNx,36,1.912703,2026-06-09T10:59:30.379727+00:00,requests-fast,success,False
https://www.volkswagen.de/de.html,uzinf20Dv7bxvukbj40UJxyp,36,2.455227,2026-06-09T10:59:32.121046+00:00,requests-fast,success,False
https://fridaysforfuture.de,IK3iuUpCnBwZ2UeluxTx9ifx,59,0.444173,2026-06-09T10:59:32.124446+00:00,requests-fast,success,False
https://www.youtube.com,FAfSWhIuwMIeaj9CDEINUzUV,97,0.062853,2026-06-09T10:59:33.781962+00:00,requests-fast,success,False
https://www.daimlertruck.com,,nan,nan,2026-06-09T10:59:37.980170+00:00,failed,error,True
https://www.wdr.de,j4LdAmhTcw4g0b4JuQ4g52KT,58,0.764222,2026-06-09T10:59:35.828071+00:00,requests-fast,success,False
https://www.klima-allianz.de,CP5AkmqKlg7LTI4hPMWMm8rz,72,0.673978,2026-06-09T10:59:39.905055+00:00,requests-fast,success,False
https://www.oxfam.de,Xge8sKkpOjyqze3hM43y4Q3d,77,0.411045,2026-06-09T10:59:40.029593+00:00,requests-fast,success,False
https://www.filmstarts.de,Aa2o1VTq9MuNXkidIjn8ZWrk,77,0.410671,2026-06-09T10:59:41.336877+00:00,requests-fast,success,False
https://www.stern.de,yXazbkQkLmsnENvwdEl8jHr8,50,0.927669,2026-06-09T10:59:41.987244+00:00,requests-fast,success,False
https://x.com,,nan,nan,2026-06-09T10:59:47.474953+00:00,failed,error,True
https://www.mobile.de,,nan,nan,2026-06-09T10:59:48.402516+00:00,failed,error,True
https://www.dm.de,kYY86Ajwswlyd9SI6ErGy1en,55,1.480440,2026-06-09T10:59:46.452237+00:00,requests-fast,success,False
https://www.rwe.com,,nan,nan,2026-06-09T10:59:50.647436+00:00,failed,error,True
https://www.chefkoch.de,QyLMqbb4NSOovjitt5JDjvSb,53,0.812147,2026-06-09T10:59:48.821755+00:00,requests-fast,success,False
https://www.kaufland.de,,nan,nan,2026-06-09T10:59:51.989302+00:00,failed,error,True
https://group.mercedes-benz.com/de,,nan,nan,2026-06-09T10:59:54.343288+00:00,failed,error,True
https://www.tvspielfilm.de,xEdsJfDQfxvnTxeni5UY0e3i,44,1.264473,2026-06-09T10:59:51.981468+00:00,requests-fast,success,False
https://www.basf.com/global/de,1IZyFGwdmROU6znj518CnzdJ,47,1.018884,2026-06-09T10:59:55.361745+00:00,requests-fast,success,False
https://www.continental.com/de,WtXxoMUn69MypdJDqedDBIF4,44,1.307916,2026-06-09T10:59:57.611588+00:00,requests-fast,success,False
https://www.deutsche-klimastiftung.de,4PTAmmgDZ3s2bvQf6NTZhIXY,45,2.146980,2026-06-09T10:59:57.686066+00:00,requests-fast,success,False
https://www.vodafone.de,6TlXctBXgLDc9BGnGdXmf4zO,39,2.046966,2026-06-09T11:00:04.371311+00:00,requests-fast,success,False
https://www.bund.de,LB36pVnFujSqvvGJ9PPTPlSY,59,0.488830,2026-06-09T11:00:04.167982+00:00,requests-fast,success,False
https://www.mdr.de,BJ6ggoidc7jPRXhKlf3SMzGj,53,0.481355,2026-06-09T11:00:05.914251+00:00,requests-fast,success,False
https://www.spiegel.de,,nan,nan,2026-06-09T11:00:11.247619+00:00,failed,error,True
https://www.obi.de,NujI6pdlWOsaCWLmmljrnRcA,43,1.114485,2026-06-09T11:00:10.367063+00:00,requests-fast,success,False
https://www.deutscheumweltstiftung.de,9tDN2LfedVkZz7OSHhdFg5jX,23,2.362220,2026-06-09T11:00:12.056075+00:00,requests-fast,success,False
https://germanwatch.org/de,sVUP1uh6XHSoMVlmZRVqJxsg,83,0.423276,2026-06-09T11:00:14.856973+00:00,requests-fast,success,False
https://www.kaufda.de,rihSmp4ZZK4g4b0LOKIfOrg0,53,1.026324,2026-06-09T11:00:16.151574+00:00,requests-fast,success,False
https://www.stepstone.de,MQ49g1Rd8ZdXklbZ7jaKY7v9,49,0.964295,2026-06-09T11:00:19.633804+00:00,requests-fast,success,False
https://www.bmw.de/de/index.html,,nan,nan,2026-06-09T11:00:24.861611+00:00,exception,error,True
https://www.facebook.com,TB1k0r6bleIRP9dpEPdooexS,41,0.839719,2026-06-09T11:00:21.480211+00:00,requests-fast,success,False
https://www.sdw.de,7vNrCrtOavRHoHDo6mujM4N0,43,10.894749,2026-06-09T11:00:22.221931+00:00,requests-fast,success,False
https://www.sap.com/germany/index.html,,nan,nan,2026-06-09T11:00:27.110832+00:00,failed,error,True
https://www.arbeitsagentur.de,Qlrm9lQ9TYVXGtuDLeheOb5R,68,0.689773,2026-06-09T11:00:25.779285+00:00,requests-fast,success,False
https://www.ndr.de,KxuCAUHPjCrsDM8PdSC1Beai,66,0.444717,2026-06-09T11:00:26.862129+00:00,requests-fast,success,False
https://www.linguee.de,ZO3nC8tR82UHw1CWDliTEtUt,61,0.390660,2026-06-09T11:00:28.376837+00:00,requests-fast,success,False
https://www.verivox.de,,nan,nan,2026-06-09T11:00:32.026006+00:00,failed,error,True
https://www.wikipedia.org,VupPh58CKLQr9POEZGjh0XQT,82,0.031197,2026-06-09T11:00:30.386544+00:00,requests-fast,success,False
https://www.bayer.com/de/de,,nan,nan,2026-06-09T11:00:35.724669+00:00,failed,error,True
https://www.t-online.de,Yi9ovUFG7fuZ6RSFhDLTKJZu,55,0.852099,2026-06-09T11:00:33.149007+00:00,requests-fast,success,False
https://www.deutsche-bank.de/pk.html,zSYQyAtRNSZ6KsiNJFwVQTDo,61,0.434262,2026-06-09T11:00:34.479725+00:00,requests-fast,success,False
https://www.fresenius.com/de,Sv30CalsSDYMBxzwe4ihQQSm,82,0.387061,2026-06-09T11:00:35.501861+00:00,requests-fast,success,False
https://www.check24.de,mTEHAfH06XlDmKHbymR63XA6,40,1.721738,2026-06-09T11:00:39.191889+00:00,requests-fast,success,False
https://www.imdb.com,,nan,nan,2026-06-09T11:00:43.083255+00:00,failed,error,True
https://www.heise.de,RNryGXLHRLw3nJVD2gRLl4M9,96,0.000250,2026-06-09T11:00:40.009922+00:00,requests-fast,success,False
https://www.deutschepost.de/de.html,wdPsJKYtnTRQH3yXWFjdX2SU,47,0.971262,2026-06-09T11:00:42.363211+00:00,requests-fast,success,False
https://www.faz.net,je9a5fm1GJ0oIn4EnjOGWFjU,43,1.241390,2026-06-09T11:00:45.438163+00:00,requests-fast,success,False
https://www.dwds.de,p5pcMpU46XlDbgbjdag7eyCV,51,0.861520,2026-06-09T11:00:46.363655+00:00,requests-fast,success,False
https://www.fandom.com,,nan,nan,2026-06-09T11:00:51.791485+00:00,failed,error,True
https://www.gala.de,EOTasTSXfeccRNr39jV0QQzB,53,0.772565,2026-06-09T11:00:46.360047+00:00,requests-fast,success,False
https://www.aok.de,fqwM3Ccr5f3L7sk8FQq05DOV,53,0.801147,2026-06-09T11:00:47.822384+00:00,requests-fast,success,False
https://www.allianz.com/de.html,,nan,nan,2026-06-09T11:00:54.862106+00:00,failed,error,True
https://www.reddit.com,,nan,nan,2026-06-09T11:00:55.268198+00:00,failed,error,True
https://www.wetter.de,5RsRmVYjzVZJqbCWET6mmZ7B,36,5.210684,2026-06-09T11:00:55.678320+00:00,requests-fast,success,False
https://www.siemens.com/de/de.html,v90Ogn105CFnHIMKnRN2Fkzy,41,2.339037,2026-06-09T11:00:55.682455+00:00,requests-fast,success,False
https://www.amazon.de,,nan,nan,2026-06-09T11:01:01.211619+00:00,failed,error,True
https://www.bpb.de,bGMIOuXZbd6cSxaNEmwTFpuh,69,0.391455,2026-06-09T11:00:58.032965+00:00,requests-fast,success,False
https://www.holidaycheck.de,7whQVEVND6KFbPHrTLSKo89n,39,1.592167,2026-06-09T11:00:58.747205+00:00,requests-fast,success,False
https://www.autoscout24.de,1jkocLY8bLV3NYSyoGfcaJ3K,54,0.706629,2026-06-09T11:01:03.380720+00:00,requests-fast,success,False
https://www.robinwood.de,8r42HZUWU451sWEUo95qQ8nt,56,1.479697,2026-06-09T11:01:04.735337+00:00,requests-fast,success,False
https://germanzero.de,qA8cQbejrxkNor7Eugk3N1K4,72,0.583829,2026-06-09T11:01:05.449249+00:00,requests-fast,success,False
https://www.wwf.de,5FhowItGaaKOOpKNqCTyb9DA,47,3.192740,2026-06-09T11:01:05.710275+00:00,requests-fast,success,False
https://www.trustpilot.com,,nan,nan,2026-06-09T11:01:12.167695+00:00,failed,error,True
https://www.adac.de,RxOJ62bol2ezALptzEnDXbdZ,48,1.369476,2026-06-09T11:01:11.607862+00:00,requests-fast,success,False
https://www.duden.de,3MRtZwYnBvhAOzWmQJp31VVY,31,4.793135,2026-06-09T11:01:12.574107+00:00,requests-fast,success,False
https://www.hornbach.de,17IZ9u74tDU042hjpJ1S6tEn,53,2.871408,2026-06-09T11:01:15.317136+00:00,requests-fast,success,False
https://climactivity.de,05YAq3p1LKu4hNdzlLDgO0HL,71,0.546562,2026-06-09T11:01:18.003991+00:00,requests-fast,success,False
https://c2c.ngo,ZpcpAJViK9cAlwb3IvPQ0seV,65,1.974189,2026-06-09T11:01:21.281245+00:00,requests-fast,success,False
https://www.wetteronline.de,J2lbKPbLEccbz91apVCx7Tip,29,6.211844,2026-06-09T11:01:25.477395+00:00,requests-fast,success,False
https://www.transfermarkt.de,DssFAlTgD4OGoo2tXUgaU8Kd,41,1.407095,2026-06-09T11:01:28.038171+00:00,requests-fast,success,False
https://www.talanx.com,B2fsJITdbhfiZjFVzV5pap7D,62,1.065831,2026-06-09T11:01:31.416857+00:00,requests-fast,success,False
https://www.munichre.com/de.html,Mdlqkaw0daoK3aQkqdHY5CqU,27,10.444023,2026-06-09T11:01:34.162156+00:00,requests-fast,success,False
https://www.enbw.com/company,,nan,nan,2026-06-09T11:01:39.669679+00:00,exception,error,True
https://www.fernsehserien.de,1uDnSq3TZN2Cm8DbNuZfs6Ou,59,0.513520,2026-06-09T11:01:38.685505+00:00,requests-fast,success,False
https://www.gesundheitsinformation.de,xVlXRL6m4S0lj6MB8dgFI7n4,63,0.380237,2026-06-09T11:01:40.374408+00:00,requests-fast,success,False
https://www.gutefrage.net,,nan,nan,2026-06-09T11:01:45.032496+00:00,failed,error,True
https://www.adobe.com,,nan,nan,2026-06-09T11:01:49.414831+00:00,exception,error,True
https://www.bild.de,IqtaX9xO3HxZcKAdyQCGcTlR,37,2.207390,2026-06-09T11:01:47.049847+00:00,requests-fast,success,False
https://www.vonovia.com,p44Xn4yeZ8kABWFBPgeaZA25,25,2.521609,2026-06-09T11:01:48.513767+00:00,requests-fast,success,False
https://www.ebay.de,DsTcpu0U5SUSl26467xs4FTG,39,1.660379,2026-06-09T11:01:51.415248+00:00,requests-fast,success,False
https://www.welt.de,4Cmv2Hd6ABYaubImCSCthSyc,63,0.557162,2026-06-09T11:01:53.081058+00:00,requests-fast,success,False
https://www.doccheck.com,,nan,nan,2026-06-09T11:02:12.180359+00:00,exception,error,True
https://www.mbamutuelle.com,,nan,nan,2026-06-09T11:07:29.019901+00:00,failed,error,True
https://www.berlin.de,,nan,nan,2026-06-09T11:07:29.018084+00:00,failed,error,True
https://www.loreal.com,,nan,nan,2026-06-09T11:07:32.824910+00:00,failed,error,True
https://www.artwai.com,,nan,nan,2026-06-09T11:07:32.783310+00:00,failed,error,True
https://www.hsbc.fr/fr-fr,,nan,nan,2026-06-09T11:07:36.058000+00:00,failed,error,True
https://espace-client.allianz.fr,,nan,nan,2026-06-09T11:07:36.571388+00:00,failed,error,True
https://www.assurances.societegenerale.com/fr/particulier,,nan,nan,2026-06-09T11:07:39.643344+00:00,failed,error,True
https://test.wonderingchimp.com,,nan,nan,2026-06-09T11:07:43.225221+00:00,failed,error,True
https://qualityminds.com/de,,nan,nan,2026-06-09T11:07:46.400451+00:00,failed,error,True
https://X.com,,nan,nan,2026-06-09T11:07:49.879153+00:00,failed,error,True
https://www.ecoindex.fr,,nan,nan,2026-06-09T11:07:59.825848+00:00,exception,error,True
https://envite.de,,nan,nan,2026-06-09T11:07:59.839774+00:00,exception,error,True
https://netcetera.com,,nan,nan,2026-06-09T11:08:01.826668+00:00,failed,error,True
https://museedesplansreliefs.fr/voir-au-musee,Vyc8rogB23fVmDJkKEOQsXXr,nan,nan,2026-06-09T11:07:40.873689+00:00,failed,error,True
https://fuck.com,,nan,nan,2026-06-09T11:08:09.603389+00:00,failed,error,True
https://www.adidas.de,,nan,nan,2026-06-09T11:08:12.822661+00:00,failed,error,True
https://uh35guiehugh4uegheu.com,,nan,nan,2026-06-09T11:08:16.199030+00:00,failed,error,True
https://www.adidas.de/#123123,,nan,nan,2026-06-09T11:08:19.274363+00:00,failed,error,True
https://pub.ong,ZhtEJ10cCBsXRyRiljUAfeFw,nan,nan,2026-06-09T11:07:54.080938+00:00,failed,error,True
https://tiktok.de,,nan,nan,2026-06-09T11:08:22.687148+00:00,failed,error,True
https://www.avocadostore.de,,nan,nan,2026-06-09T11:08:23.543808+00:00,failed,error,True
https://greenplm.de,,nan,nan,2026-06-09T11:08:26.952000+00:00,failed,error,True
https://lahsd,,nan,nan,2026-06-09T11:08:26.230989+00:00,failed,error,True
https://cnn.com,OzUKpo43rTI6rtGxio0c8Wsp,nan,nan,2026-06-09T11:08:05.848564+00:00,failed,error,True
https://Jdhsjs,,nan,nan,2026-06-09T11:08:33.198288+00:00,failed,error,True
https://www.bund.net,,nan,nan,2026-06-09T11:08:40.023661+00:00,failed,error,True
https://Mercedes-Benz.de,,nan,nan,2026-06-09T11:09:00.931451+00:00,exception,error,True
https://www.envite.de,,nan,nan,2026-06-09T11:09:04.093269+00:00,exception,error,True
https://www.etsy.com,,nan,nan,2026-06-09T11:09:02.932110+00:00,failed,error,True
https://www.idealo.de,,nan,nan,2026-06-09T11:09:06.093843+00:00,failed,error,True
https://www.tiktok.com/explore,UGKF2EMVxoJLQLLyfo20KQ7r,23,17.391758,2026-06-09T11:09:06.373821+00:00,requests-fast,success,False
https://www.zalando.de,,nan,nan,2026-06-09T11:09:09.448300+00:00,failed,error,True
https://www.tripadvisor.de,,nan,nan,2026-06-09T11:09:12.215921+00:00,failed,error,True
https://eon.com/de,,nan,nan,2026-06-09T11:09:13.032175+00:00,failed,error,True
https://www.merckgroup.com/de,vAjGJix0sCfHQPylpYMfzkxn,22,3.516852,2026-06-09T11:08:44.154400+00:00,requests-fast,success,False
https://www.mediamarkt.de,,nan,nan,2026-06-09T11:09:15.389913+00:00,failed,error,True
https://www.kicker.de,,nan,nan,2026-06-09T11:09:16.577880+00:00,failed,error,True
https://www.immobilienscout24.de,,nan,nan,2026-06-09T11:09:16.925347+00:00,failed,error,True
https://www.daimlertruck.com,,nan,nan,2026-06-09T11:09:18.934356+00:00,failed,error,True
https://x.com,,nan,nan,2026-06-09T11:09:19.791829+00:00,failed,error,True
https://www.mobile.de,,nan,nan,2026-06-09T11:09:20.095314+00:00,failed,error,True
https://www.rwe.com,,nan,nan,2026-06-09T11:09:22.555159+00:00,failed,error,True
https://www.kaufland.de,,nan,nan,2026-06-09T11:09:22.965708+00:00,failed,error,True
https://group.mercedes-benz.com/de,,nan,nan,2026-06-09T11:09:25.809322+00:00,failed,error,True
https://www.spiegel.de,,nan,nan,2026-06-09T11:09:26.485630+00:00,failed,error,True
https://www.sap.com/germany/index.html,,nan,nan,2026-06-09T11:09:29.111546+00:00,failed,error,True
https://www.verivox.de,,nan,nan,2026-06-09T11:09:30.234469+00:00,failed,error,True
https://www.bayer.com/de/de,,nan,nan,2026-06-09T11:09:32.242594+00:00,failed,error,True
https://www.imdb.com,,nan,nan,2026-06-09T11:09:33.409282+00:00,failed,error,True
https://www.fandom.com,,nan,nan,2026-06-09T11:09:35.865687+00:00,failed,error,True
https://www.allianz.com/de.html,,nan,nan,2026-06-09T11:09:36.788344+00:00,failed,error,True
https://www.reddit.com,,nan,nan,2026-06-09T11:09:38.997545+00:00,failed,error,True
https://www.amazon.de,GgTV3AOoqDn1P1CWIxwsDd0b,32,3.532839,2026-06-09T11:09:40.167954+00:00,requests-fast,success,False
https://www.enbw.com/company,,nan,nan,2026-06-09T11:09:42.173863+00:00,failed,error,True
https://www.trustpilot.com,,nan,nan,2026-06-09T11:09:46.325081+00:00,failed,error,True
https://www.bmw.de/de/index.html,,nan,nan,2026-06-09T11:09:54.397750+00:00,exception,error,True
https://www.gutefrage.net,,nan,nan,2026-06-09T11:09:56.398490+00:00,failed,error,True
https://IC-Consult.com,AEjnpnCbGSry8MKL4fMImczs,63,1.348946,2026-06-09T11:08:01.840440+00:00,playwright-retry,success,False
https://www.adobe.com,,nan,nan,2026-06-09T11:10:17.015794+00:00,exception,error,True
https://www.doccheck.com,,nan,nan,2026-06-09T11:10:20.011854+00:00,exception,error,True
https://www.mbamutuelle.com,,nan,nan,2026-06-09T11:10:25.655761+00:00,failed,error,True
https://www.berlin.de,,nan,nan,2026-06-09T11:10:25.653803+00:00,failed,error,True
https://www.loreal.com,,nan,nan,2026-06-09T11:10:29.408699+00:00,failed,error,True
https://www.artwai.com,,nan,nan,2026-06-09T11:10:29.319542+00:00,failed,error,True
https://espace-client.allianz.fr,,nan,nan,2026-06-09T11:10:32.899957+00:00,failed,error,True
https://www.hsbc.fr/fr-fr,,nan,nan,2026-06-09T11:10:32.698982+00:00,failed,error,True
https://www.assurances.societegenerale.com/fr/particulier,,nan,nan,2026-06-09T11:10:36.384622+00:00,failed,error,True
https://test.wonderingchimp.com,,nan,nan,2026-06-09T11:10:39.662386+00:00,failed,error,True
https://qualityminds.com/de,,nan,nan,2026-06-09T11:10:43.144274+00:00,failed,error,True
https://X.com,,nan,nan,2026-06-09T11:10:46.830966+00:00,failed,error,True
https://envite.de,,nan,nan,2026-06-09T11:10:56.477250+00:00,exception,error,True
https://www.ecoindex.fr,,nan,nan,2026-06-09T11:10:56.493279+00:00,exception,error,True
https://netcetera.com,,nan,nan,2026-06-09T11:10:58.477835+00:00,failed,error,True
https://museedesplansreliefs.fr/voir-au-musee,Vyc8rogB23fVmDJkKEOQsXXr,nan,nan,2026-06-09T11:10:36.387033+00:00,failed,error,True
https://fuck.com,,nan,nan,2026-06-09T11:11:02.683279+00:00,failed,error,True
https://uh35guiehugh4uegheu.com,,nan,nan,2026-06-09T11:11:05.875074+00:00,failed,error,True
https://www.adidas.de,,nan,nan,2026-06-09T11:11:04.715825+00:00,failed,error,True
https://tiktok.de,,nan,nan,2026-06-09T11:11:09.559267+00:00,failed,error,True
https://www.adidas.de/#123123,,nan,nan,2026-06-09T11:11:09.055489+00:00,failed,error,True
https://www.avocadostore.de,,nan,nan,2026-06-09T11:11:12.835840+00:00,failed,error,True
https://pub.ong,ZhtEJ10cCBsXRyRiljUAfeFw,nan,nan,2026-06-09T11:10:50.210700+00:00,failed,error,True
https://greenplm.de,,nan,nan,2026-06-09T11:11:15.960924+00:00,failed,error,True
https://lahsd,,nan,nan,2026-06-09T11:11:13.137857+00:00,failed,error,True
https://cnn.com,OzUKpo43rTI6rtGxio0c8Wsp,nan,nan,2026-06-09T11:10:58.493682+00:00,failed,error,True
https://Jdhsjs,,nan,nan,2026-06-09T11:11:19.702965+00:00,failed,error,True
https://www.bund.net,,nan,nan,2026-06-09T11:11:26.203691+00:00,failed,error,True
https://www.etsy.com,,nan,nan,2026-06-09T11:11:26.457261+00:00,failed,error,True
https://www.idealo.de,,nan,nan,2026-06-09T11:11:29.736161+00:00,failed,error,True
https://www.zalando.de,,nan,nan,2026-06-09T11:11:29.940680+00:00,failed,error,True
https://www.tripadvisor.de,,nan,nan,2026-06-09T11:11:33.215670+00:00,failed,error,True
https://eon.com/de,,nan,nan,2026-06-09T11:11:33.419527+00:00,failed,error,True
https://www.mediamarkt.de,,nan,nan,2026-06-09T11:11:36.491366+00:00,failed,error,True
https://www.kicker.de,,nan,nan,2026-06-09T11:11:36.900899+00:00,failed,error,True
https://www.immobilienscout24.de,,nan,nan,2026-06-09T11:11:39.975203+00:00,failed,error,True
https://www.daimlertruck.com,,nan,nan,2026-06-09T11:11:40.177937+00:00,failed,error,True
https://www.mobile.de,,nan,nan,2026-06-09T11:11:43.683618+00:00,failed,error,True
https://x.com,,nan,nan,2026-06-09T11:11:43.659355+00:00,failed,error,True
https://www.kaufland.de,,nan,nan,2026-06-09T11:11:47.354514+00:00,failed,error,True
https://www.rwe.com,,nan,nan,2026-06-09T11:11:47.350710+00:00,failed,error,True
https://Mercedes-Benz.de,,nan,nan,2026-06-09T11:11:49.161861+00:00,exception,error,True
https://www.envite.de,,nan,nan,2026-06-09T11:11:51.417155+00:00,exception,error,True
https://group.mercedes-benz.com/de,,nan,nan,2026-06-09T11:11:50.930764+00:00,failed,error,True
https://www.spiegel.de,,nan,nan,2026-06-09T11:11:51.162280+00:00,failed,error,True
https://www.sap.com/germany/index.html,,nan,nan,2026-06-09T11:11:53.417765+00:00,failed,error,True
https://www.verivox.de,,nan,nan,2026-06-09T11:11:54.418237+00:00,failed,error,True
https://www.bayer.com/de/de,,nan,nan,2026-06-09T11:11:54.823010+00:00,failed,error,True
https://www.imdb.com,,nan,nan,2026-06-09T11:11:56.547523+00:00,failed,error,True
https://www.fandom.com,,nan,nan,2026-06-09T11:11:57.585166+00:00,failed,error,True
https://www.allianz.com/de.html,,nan,nan,2026-06-09T11:11:58.554806+00:00,failed,error,True
https://www.reddit.com,,nan,nan,2026-06-09T11:11:59.799781+00:00,failed,error,True
https://www.trustpilot.com,,nan,nan,2026-06-09T11:12:01.939802+00:00,failed,error,True
https://www.bmw.de/de/index.html,,nan,nan,2026-06-09T11:12:21.239237+00:00,exception,error,True
https://www.gutefrage.net,,nan,nan,2026-06-09T11:12:23.239918+00:00,failed,error,True
https://www.enbw.com/company,,nan,nan,2026-06-09T11:12:31.197645+00:00,exception,error,True
https://www.adobe.com,,nan,nan,2026-06-09T11:12:33.694120+00:00,exception,error,True
https://www.doccheck.com,,nan,nan,2026-06-09T11:12:35.861157+00:00,exception,error,True
https://www.hsbc.fr/fr-fr,,nan,nan,2026-06-09T11:13:29.011334+00:00,failed,error,True
